HumL,HumR,RadL,RadR,FemL,FemR,TibL,TibR,IBL,IBR,AceL,AceR,BIB,sex
308.5,,229,,443,452,,365.5,162,161,52.56,52.24,274,M
,,,,386,383,283,281.5,,,49.21,50.18,266,F
311,310,,221.5,415,415.5,330,331.5,,,,,,M
289,298,223.5,227,398,400,312,320.5,,145,50.3,49.8,240.5,M
295,302,208,205,395,396,306,305,160,155,45.6,44.83,285.5,F
270.5,281,196.5,,,375,298,293.5,,,45.7,47.04,,F
314.5,306.5,237,226,430,431,351,352,,,,,,M
318,322,234,238,434.5,437,361,364,158,156,50.74,52.39,261,M
304.5,307,233,235,402.5,407,338,338,160,161,52.18,52.45,269,M
287,292.5,210.5,214,390,386,311,315,160,160,47.66,47.66,283,F
281,283,215,,385,403.5,315,317.5,,,48.83,49.7,254,M
278,285,,218.5,397.5,395,319,325.5,157,155,55.16,55.13,274,M
,275,197.5,195,376,378,288,287,149,150,44.79,44.49,246.5,F
269,272,198.5,200,369,367,298,296,145,147,47.69,47.8,254,F
305,298,223,220.5,393,397,316,312.5,146,144,52.04,51.55,256,M
292.5,290.5,,208.5,405.5,402.5,314,315,144,145,44.39,44.63,264,F
305.5,310.5,228.5,227,421,421,337,333,162,165,52.3,53.08,295,M
,316,233.5,236,450,452.5,347,346,,,52.03,51.3,274,M
280,284.5,203,203.5,401.5,400,308.5,306.5,154,151,47.41,45.31,260,F
320,326,,244,431,431,357,357,155,155,52.26,50.43,289.5,M
287,291,221,224,407.5,407,320,324,166,168,52.87,52.86,279,M
352.5,361,259,263,513.5,513,377,381,171,169,56.04,56.38,287,M
284.5,287,213,217,388,384,305,302,,154,45.77,44.86,272,F
272,271.5,201,202.5,376,374,,,148,,42.25,40.99,255.5,F
275,,220,219,385,382.5,307,305,155,154,47.17,46.8,264,M
,,,217.5,396,389,316,314,170,167,49.81,49.44,283,F
294.5,298,228,224,403,407,318,323,,,50.98,52.17,269,M
,286,209,212,391,395.5,311,310,148,150,47.82,48.74,277,F
292.5,298,216,221,396,402,319,319,161,161,50.37,51.04,264,M
281,280.5,201,,374,370,293,291,154,151,43.74,44.62,265,F
290,297,204,203.5,386,386,315,314.5,153,151,45.49,45.56,263,F
287,292,,217,421,415,335,335,160,163,,53.35,297.5,M
272.5,274,196,,390,389,299,297,,,50.27,50.33,264.5,M
274,282,199,202,399,399,329.5,332,171,173,52.75,53.3,294.5,M
298,293,232,233,433.5,428,344,345,167,168,53.02,52.66,288,M
268.5,281.5,196,197,369.5,374.5,299.5,302,135,138,46.31,45.86,252,F
271.5,282.5,,204,392,395.5,339,337,,156,49.81,51.14,271,M
316,325,239,236.5,443.5,445,354,359.5,161,,54.89,55.04,293,M
249.5,254.5,194.5,199.5,365,369.5,298,291.5,,,47.02,47.88,242,F
266,274,202,203,375.5,373,301,306,142,141,46.09,46.39,249,F
275,282.5,197,196,385,378,301,298,,,46.17,47.45,260,F
292,299.5,218,213.5,414,418,345.5,347,149,146,48.62,47.24,268.5,M
306,309.5,233,,430,433.5,354,355,159,160,50.28,49.86,276,M
302,,233,,429,433,346,348.5,164,166,51.91,52.67,267,M
290.5,297,213.5,,409.5,405,332,333,,,49.74,49.62,262.5,M
304.5,309,230,230.5,428,,355,,,148,52.16,52.94,260,M
310,316,221.5,221,445,440.5,337,344,,156,53.88,54.39,270.5,M
278,284,205,208,398,394,317,320,146,145,47.15,47.36,252.5,F
269,278,202.5,207,386,388.5,311,306,145,149,47.47,46.58,265,F
281,290,214,216,402,399.5,323,326,154,153,46.84,46.42,273,M
304,308,236,235,438,434,350,351,159,162,54.87,55.96,273,M
281,288.5,219,220.5,418.5,423,339,339,152,152,49.62,50.04,281,M
309,315,239.5,240.5,445,446,362,363,159,160,51.45,52.22,281.5,M
279,285,205,205,406,406.5,333,330,,149,49.57,49.06,272.5,M
292.5,294,,220.5,415,418,347,345,157,156,51.39,51.52,253,M
266.5,273,190,192,380,378,294,294,137,140,44.73,45.15,247,F
288.5,297.5,224,229,430,438,360,361,166,164,49.53,50.08,289.5,M
296,300.5,223.5,225,423,423,341,340,157,157,53.98,55.08,275.5,M
318,327,231,235,447,448,378,381.5,167,170,53.99,53.98,294,M
275.5,282,203,201,392,396,314.5,311.5,148,147,45.49,45.61,257.5,F
288,295.5,212.5,215.5,,,,,147,148,50.36,49.78,281,F
283,292.5,209,213,406,408,336,337,153,152,47.25,47.96,260,F
284,292,230.5,226,444,446,360,357,163,164,46.45,47.51,274.5,M
285,292,222.5,220,425,425,342,342,156,155,50.91,50.34,283,F
289,293.5,,220,417,414,335,,144,143,49.88,50.51,268,F
303,308,231,236,441.5,440,368,365,156,158,51.35,52.05,270.5,M
264.5,264,194,194,374.5,379,302,306,147,147,49.48,48.8,243,F
340,344,253,247,494,494,403,397,168,,58.74,60.49,279,M
274.5,280.5,198,200,391,390,327,325,148,147,48.16,47.39,274,F
297,306,219.5,223,427,424,341,340.5,151,148,47.53,48.86,264.5,F
282,287,196,195.5,395,389,320.5,319,150,149,48.17,47.58,265,F
278,284,195.5,,,382,,299,141,144,46.56,46.13,268,F
285,287.5,197,198.5,403,407,337,337.5,154,,48.34,47.53,283,F
277,283,193.5,202.5,388,386,321,321,151,149,46.79,47.23,268,F
276,279,222.5,223,400.5,401,328,329,152,152,47.6,48.67,262,F
272.5,283,199,202,387,391,311,314.5,147,146,45.1,45.42,258,F
273,281,189.5,194,385,386.5,313,,149,148,47.33,47.43,260,F
274.5,284,196,202,396,397.5,,306,155,156,50.19,50.69,282,F
279,284,199,200,387,391,326,317,147,145,47.08,46.68,261,F
283,290,210.5,212,403,404,336,334,151,150,48.4,49.2,276,F
293,299,,210,403.5,407,,311,144,145,,48.72,,F
297,302,,,407,409,324,326,160,155,,52.43,268.5,M
,273.5,206,202,378,380,,302,,,45.18,44.33,,F
279,,,,,,354.5,354,133,133,44.08,44.15,222,M
277,278,221,222,382,381.5,322.5,320.5,127,124,41.95,41.61,213.5,F
276,283,228,230,399,398,327,328,130,130,43.79,45.16,220,M
291,300.5,223,224,423,425,342,343,144,145,44.7,44.63,258.5,M
294,297,230.5,231,402,398.5,339,340,141,145,46.77,46.1,251.5,M
,275.5,,,392,393,320,317.5,144,142,45.73,46.15,254.5,F
303.5,306.5,245.5,248,418.5,416,359,355,153,155,49.49,49.56,270,M
292.5,296.5,226,229,419,419,342,341,156,154,49.93,50.52,256.5,M
,306,,242,420,419,365,362,154,153,49.31,48.4,260.5,M
,302,236.5,239,429,427,360,378,136,138,44.7,42.62,238,M
,317,,259.5,,435.5,,375,149,150,50.43,49.58,267.5,M
277.5,282,219,221,397.5,393.5,338,338.5,150,,44.63,,260,F
272,278.5,214,216,399,393,318,323,147,146,45.26,44.97,273,F
,306,,245,436,436,371,372.5,,,47.51,47.5,251,M
337,336.5,257,259.5,465,461,390,393,152,153,53.5,51.79,260,M
274,,216,215.5,380,381.5,,325,140,141,41.73,43.72,251,F
303,304.5,229,230.5,,429,,357,143,146,50.08,50.5,252,M
295,290.5,231,231,390,395.5,349,347,140,141,46.38,48.77,264.5,M
328,330.5,269,269,458.5,453,390,390,158,160,52.01,51.63,284,M
,,256.5,252.5,459,454,388,383,158,156,,49.77,291,M
304,303,241,242.5,419.5,418,355,,146,145,49.55,50.82,264.5,M
301,301,228.5,228,416,418,353,354,146,147,45.8,46.38,283,M
274,271,206,203,,381,,,134,130,43.21,43.58,247.5,F
284,286.5,219,222,400,,338,340,140,142,47.91,46.95,246,M
268,278.5,214,219,374,375,323,320,128,131,42.9,42.66,245,F
321,321,251.5,253,446,441,389,388,153,,53.14,51.02,280,M
326.5,328,258.5,261,453,441,382,380,164,162,53,51.5,296,M
,323.5,,252,,456,395.5,394,159,160,52.2,51.4,270,M
318.5,315,253,252,452,450.5,371,370,155,155,51.55,52.27,269,M
298,304,,240,435,436,366.5,365,165,164,52.28,52.73,275,M
324,328,245,254,451,448,399,399,144,146,46.78,46.14,237.5,M
308,308,233,233,421,420,354,352,137,136,42.11,42.13,250.5,F
318,,250,,430,431,380,383,145,147,46.71,46.73,251,M
294,294,228,225.5,,,,,142,145,47.62,47.61,257,M
298,298.5,223,227.5,424,424,357,360,,,47.26,47.26,277.5,F
285,288.5,216,215,391,387.5,320,316,141,136,44.16,44.8,261.5,M
275.5,282,,218,382,383.5,320,324,147,150,43.78,43.64,279.5,F
288,288.5,218.5,222,408,407,327,328,,,43.54,45.14,264.5,F
312.5,314.5,248,248,438,441,362,365,145,147,50.97,50.84,268.5,M
,326,255,255.5,449,451,384,382,153,152,51.8,52.36,265,M
,290,216,217.5,391,397.5,332,330.5,144,145,46.51,46.19,232,F
274,,194.5,,376,374,,306,135,137,43.59,42.42,234.5,F
329,,250.5,254.5,444,444,391,390,160,158,48.75,47.8,273,M
251,261,,206,370,374.5,304,298,136,135,43.95,42.67,248.5,F
275,279.5,211.5,215,395,389,332,331.5,128,129,40.23,41.3,230.5,F
288,296,219,223,425.5,430.5,352.5,357,,136,45.26,45.38,271,F
308.5,310.5,242,242,437,440.5,360,362,149,158,51.4,51.75,269,M
297,301.5,240,243,424,420.5,352,352,149,146,43.96,46.06,249,M
298,303,227,231,427.5,423,365,368,145,145,44.86,46.64,263,M
293,297,226,231.5,415,417,341,344,137,,49.64,50.54,231,M
271,279,,215,381,380.5,,,130,132,42.21,43.41,224,F
293,310,239.5,244,418,420.5,355,356,151,150,48.02,47.03,240.5,M
303.5,307.5,,231,425,426,353,358,140,141,49.45,49.02,254.5,M
279,280.5,214,215,404,403,341,342,140,142,48.52,47.96,253,M
,290,,231,427,418,346,344,136,134,44.01,44.31,235,F
294,298,,233,428,427,355.5,357,151,151,48.64,48.25,263,M
325.5,325,258,260,454,452.5,396,394,157,156,48.14,47.78,266.5,M
312,315.5,239.5,242,428,430,358,359,152,149,48.13,49.86,269,M
,,247,248,469,467,,388,161,165,48.54,49.56,262,M
292.5,304,,225,429,427,354,352,146,148,46.99,47.05,233.5,F
262.5,268,194.5,198.5,375,377,307,307,136,135,39.13,39.34,227.5,F
242,247,193,,361,362,300,398,,,43.08,43.57,249,F
267,275,207,209.5,373,370.5,311,312,135,134,,45.78,235,M
264,268,205.5,206,378,375,319,318,135,134,40.65,41.5,242,F
273,279,212,215.5,410,403,340,336,139,137,45.5,46.13,232,F
313,318,239,243,432,437,373,373,154,152,47.85,48.02,278,F
304,300,,,440,454,370,380,140,143,50.66,55.41,242.5,M
301,310,,,428,428,358,358,146,147,52.1,52.82,250,M
302,308,239,248.5,438,438,352.5,353,162,161,52.82,52.47,268,M
289.5,295,232,231,418,420,348,349,141,143,45.35,46.02,232,M
295,295,221,224.5,435,430,358,359,145,142,46.34,45.95,257,F
315,,249,,453,446,,379,143,,,46.12,247,F
320,323.5,244.5,247,465.5,465,370,371,,,,,,M
261,264,193,190,366.5,363,299,292,130,130,44.74,43.46,246,F
289,290,216,,410,,327,,139,,49.47,49.28,245,M
288,288.5,,235.5,427,427,360,,128,130,45.07,46.49,204,M
313.5,322.5,239,246,466,457,388,389,149,146,48.36,49.19,238,M
,282,226.5,228,396,403,340,349,,,,47.3,220,M
276.5,279,207,,394,394,326,327.5,128,127,43.74,44.58,220,F
,285.5,,,440.5,438,379,376,,151,,49.28,270,M
323,317.5,243,242,,,,,155,156,49.08,50.1,264,M
,298,245,246,424,419,370,370,154,156,47.33,46.17,246,M
294,296,227.5,,416.5,,350.5,,140,,46.56,46.63,265,F
290.5,292.5,227,229.5,405.5,404,341,342,,,45.69,44.73,250,F
287.5,293,222,225,421,420,350,346,136,138,43.59,42.4,246,M
290,294,226.5,230,411,410,359,360.5,146,145,44.44,45.69,266,F
278,,,,414,,347,345,147,,44.85,43.93,253,F
291,291.5,,230.5,403,404.5,334,337.5,143,146,47.7,47.12,269.5,F
,,,265.5,464,,404,,159,160,52.04,53.81,284,M
318,314,,249,443,442.5,386,388,141,142,47.75,48.06,248.5,M
292,295.5,222.5,228,414,410,350,347,,143,43.41,42.96,256,F
326.5,331,250.5,251,456,455,380,380,,,51.14,51.09,280,M
288.5,290.5,212,,409,409,334,335,136,135,45.18,46.2,257,M
303,309.5,243,245.5,432,425.5,372,372.5,,,47.74,47.57,274,M
280,,214.5,,391,,,,128,131,41.61,42.7,237,F
310.5,,248,249,443,,371,,150,,47.56,48.87,274,M
318,320,248,252,437,437,388,388,156,155,52.41,51.97,273,M
315,317,254,,467,461,,,,157,51.34,52.24,274,M
304,303,243,240.5,430,426.5,365.5,364,,,48.61,47.98,282,M
337,,275,277,466,464,,400,155,154,51.71,52.59,262,M
307,,244,,,418,,360,149,149,,,282,M
283,291.5,215.5,215.5,395,394,321,322,148,149,44.29,44.51,280.5,F
327,,264,,435,427,386,,146,145,45.67,50.79,,M
298,299,234,228.5,419.5,419,362,361,144,143,47.6,47.86,263.5,M
309,310.5,243,242,437.5,432,374,370,155,155,48.75,49.64,284,M
,322,268,267,463,459,396,396.5,153,153,50.36,50.06,267.5,M
309,305.5,,,425.5,422,379.5,373,144,149,46.06,46.93,250,M
301,308,244,252,,440,370,378,140,140,46.46,46.3,253.5,M
306,307.5,241,241,437.5,437,365,368,,,48.27,47.92,271,M
288,289,,242,440,443,372,370,139,138,46.73,47.17,248.5,M
315,316,,238.5,443,438.5,376,374,146,148,45.91,45.96,273,M
315,315,247,248,432,423,364.5,356,150,150,49.11,50.64,268.5,M
305.5,,234,,431,431.5,350,355,145,147,47,46.15,252,M
297.5,298,224,227,421,417,307,337,146,145,49.37,49.22,260.5,M
285.5,290,221,220,402,408,336,327,,142,44.66,45.89,249,F
268.5,277,213,215.5,389,388,,313,139,140,42.21,44.16,252.5,F
325,324,260,255.5,448,452,365,368,156,154,51.95,50.29,265.5,M
274,273.5,,209,346,371,312.5,311,,,41.93,42.59,,F
305,304,,226,,434,,346,,,52.21,,,M
,289.5,229,232,399,403,332,341,141,140,43.08,43.43,246.5,F
274,277.5,,200,384,,305,310,160,161,51.81,51.31,273,M
304,,231,229,415,409,,325,160,169,52.11,,274.5,M
305,313,,252,417,417,336.5,338,,152,48.8,51.18,248,M
,303,246,247,,421,350,349,,,50.42,49.79,250,M
285.5,296,,215.5,383,386,313,313,,,43.12,,,F
333.5,,270,,444,444.5,375,376,,158,52.06,53.32,286,M
315,315.5,253,252,,425,347,345,147,,,,256,M
311.5,307.5,,247,439,431,353,352,151,150,51.55,53.33,257.5,M
304.5,308,250,249,444,,366,368,,,47.92,47.84,270,M
,,,260.5,425,,390,385,,152,,47.54,,M
,,,,416.5,426.5,367,362,154,,48.12,,265,F
,283,214,214.5,389,389,339,335,,,,,,F
288,293,216,217.5,405,404,336,338,135,134,44.61,43.68,217,F
332,334,260,260,459,454,383,384,,,50.64,51.86,281,M
310,315,235,240,428,429,,,,139,43.79,43.2,248,F
309,,242,,433,431,348,360,,149,46.45,46.28,249,F
317,322,250,253,451,447.5,375,371,,150,47.14,44.6,257.5,M
345.5,348,251,251,488.5,479,,402,174,170,56.2,56.37,273.5,M
318,319,241.5,242,453,451.5,357,359,162,161,58.67,59.28,280.5,M
327,331,244.5,245.5,454,,372,372,163,162,50.38,51.63,260,M
294,,234.5,234.5,420,420,352,353,146,146,47.76,46.6,237,M
337,341,253,252.5,453,458.5,386,389,,,54.46,54.89,263,M
320,,243,,409.5,411.5,319,323,168,164,54.31,54.96,,M
337,340,253,255,476,473,395,399.5,168,166,53.05,53.56,283,M
317,316,246,246.5,454.5,459,,363,168,169,53.06,53.95,258,M
348.5,355,259,259.5,462,458,381,379,166,168,53.78,53.83,265,M
294.5,295,220,216,416,416,336,340.5,144,145,51.03,51.21,248,M
336,342,244,246.5,465,463.5,382,379,165,161,54.83,54.02,297.5,M
345.5,347,250.5,246,454,439.5,381,383,160,155,52.89,51.18,255,M
317.5,320,238,239,434.5,435.5,336,337,153,154,52.91,52.42,292,M
306,308,236,236,432,427,359,357.5,,151,,46.07,,M
326,333,249,252,459,460,372,384,163,164,53,53.05,254.5,M
285,293,213.5,214,411.5,409,333,331,162,161,52.2,52.92,273.5,M
345.5,340,254,249,467,455.5,,,173,167,58.6,60.47,318.5,M
321,327,227.5,230.5,462,459.5,358,362,161,160,51.95,51.72,267,M
301.5,305,229.5,236,410.5,411,342.5,346,145,143,48.04,49.21,242,M
324,322,235,238,460,458,385,382,158,158,52.07,52.84,262,M
339,342,252.5,250.5,484,478,384,386,162,,52.72,52.68,278,M
323,327,222.5,232.5,438,435,355,359,146,147,49.63,48.32,238.5,M
350,342,245.5,245.5,455,458,365,372,170,167,53.85,53.87,292,M
329,330.5,238,237,458.5,446,379,374,158,157,52.37,51.22,271,M
326,326.5,234,237,439,442,349,349,151,150,51.46,51.67,255,M
350,351,261.5,265,468,460.5,382,375,156,157,52.1,51.84,260.5,M
332,335,246.5,247,461,462,372,,165,167,55.42,53.9,289,M
333,337,249,250,474,478,398,401,159,158,52.68,51.96,257,M
334,334.5,250.5,250.5,453.5,448,374,374,160,162,53.78,53.84,242.5,M
324.5,326,239,242.5,427,425,359,361,172,171,52.34,52.26,277,M
322,326,239,241,434,432.5,335,335,153,154,50.5,50.24,245.5,M
344,342,256,258,470,470,373,376,167,169,53.38,53.05,289,M
294.5,304,203,214.5,414.5,411.5,308,305,147,146,46.43,45.98,272,F
274,278,190.5,196,401,394,298.5,295,146,145,44.18,45.96,232,F
335,336,240,243.5,465,467,381,384.5,,,55.09,54.96,291,M
300.5,305,230,230.5,416,,369,367,158,162,51.78,52.59,251.5,M
316.5,321.5,229,231,408,408,350,348,152,151,48.74,49.15,268.5,M
321.5,324.5,249,252,457.5,468,363,370,150,153,50.48,52.31,253,M
332,331.5,236,237,450,453,365.5,367,163,165,53.78,53.94,272.5,M
333.5,344,262.5,265,482,476,380,375,163,159,50.77,51.74,269,M
276,280,206,204.5,405,398,326,322,155,151,45.64,45.84,262,F
320.5,321,236,240,448,446,361,360.5,160,164,52.97,52.1,269,M
308,310.5,246,247,430,423,355,357,153,152,48.1,49.11,270,M
299,308,227,228.5,436,426,328,328,143,143,50.05,49.2,255,M
343.5,348.5,257.5,253,468,464.5,370.5,372,174,171,57.46,55.54,295,M
338,345,259,263,495,489,392,390,173,171,57.82,61.11,301,M
322,328,248,245.5,446.5,449,365,368,164,161,52.14,51.68,275,M
331.5,337,242,242,470,466,381,372,163,165,51.5,51.58,275,M
310.5,316,236,239,437.5,445,337,338,164,161,53.99,51.9,256,M
352,359.5,256,258,485.5,479,374,375,173,178,54.69,54.06,284,M
332.5,336,243.5,253.5,477.5,479,394,393,162,162,54.58,56.71,254,M
340,344,260.5,257,461,,395.5,,176,174,52.74,53.12,271,M
326,332.5,237.5,240,460,463,362,368,154,155,51.44,51.46,245,M
,332,233.5,239,453,461,366,370,162,164,53.5,52.95,279,M
319.5,323,235,235,447.5,441.5,356,,165,165,52.48,51.86,270,M
326,326,242,241.5,422.5,420,351,350,,163,51.59,49.98,277,M
300,303,219,222.5,404.5,,325,324,154,150,48.38,48.39,279,F
351,357.5,264.5,269.5,510,507,393,396,168,167,55.25,55.02,282.5,M
304,307,236.5,238,428.5,433,350,357,151,152,51.14,50.32,243.5,M
346,352,248,251,470,465,373,373,173,172,54.7,56.79,293,M
,318.5,233,237,439,442,342,346,,171,,55.78,256,M
376,383,272,270.5,531,532.5,441,443,166,164,55.7,55.6,287,M
340,341,245,251,466,462,358,352,170,168,53.18,51.53,276,M
323.5,327,236,237.5,463,462,377,375,162,161,53.42,54.82,269,M
336,346,253.5,253,472,474.5,379,383,164,170,52.48,52.59,294,M
335,341,239,240,434,437,351,352,167,169,52.23,52.98,282,M
338,343,240,241.5,455,457,360,357,163,162,51.46,52.96,271.5,M
365,367,263,265,478,476,386,387,,174,58.37,55.92,294,M
317,315,229,231,448.5,449,343,340,161,161,54.28,52.68,270.5,M
321,317,237.5,239,426,427,362,369,153,152,52.93,52.07,246,M
321.5,,,,442,434,350,352,155,151,49.17,49.6,257,M
329,333.5,242,244,450.5,454,360,362,169,162,56.7,56.68,267.5,M
352,359,268,268,493,493,405,401,167,169,56.02,56.28,293,M
315,314,228.5,230,455.5,455,360,363,160,161,55.84,52.81,270.5,M
326,328,252,249,458,456,367,367,156,159,53.12,51.69,267,M
313,324,234,237,435,432.5,330,333,153,155,52.04,51.78,246,M
329,327,247,246,417,418,358,,160,159,53.27,53.13,289,M
349,353,257.5,261,,487,394,393,167,167,52.37,51.55,280.5,M
305,310,222,223,424,419,331,326,152,151,54.55,52.37,272,M
354,366,268,267.5,477.5,483,393.5,396,173,173,50.92,52.84,279,M
331,331,243,252,451,450.5,374.5,372,167,169,52.65,53.52,268,M
309,320,228,229.5,424,425.5,332,331,151,153,52.33,52.39,265,M
299,297,221,223,409,403,328,327,147,146,48.08,47.53,247.5,M
317,325,239,239,417,419,342,339,159,160,50.43,49.49,253,M
309,311,230,232,430,428.5,347,351,153,151,48.2,49.44,243,M
342,335,255,256.5,492,491,406,404,164,162,53.98,53.8,275.5,M
,290,225,,396,395,338,342,149,150,50.39,49.77,245,M
325,343,248,248,469,468,390,390,166,166,55.94,54.75,299,M
365,366,275.5,278,508,512,438,440,172,173,53.28,53.42,300,M
347.5,353,248.5,248.5,491,493,383,385,174,176,59.46,59.16,301,M
293,301,225.5,226,416,411,334,335,145,146,50.41,49.55,276,M
329,336,242,245,443,446,352,359,165,167,51.92,51.93,278,M
319,323,240.5,244.5,455,454.5,361.5,362,151,154,54.65,53.88,244,M
290.5,293,223,224,402,400,328,325,152,153,47.86,47.4,231.5,M
321.5,330.5,233.5,234.5,437,441.5,351,357,160,162,53.6,54.22,270,M
303,305.5,245,244.5,425,426.5,362,364,148,147,49.73,50.79,255.5,M
335,346,254,260.5,466,467,354,357,166,164,56.56,56.33,287,M
303,303,215,219.5,,421,348.5,353,145,147,44.44,44.45,258.5,F
296,299,213,214.5,410,411,321,321,153,150,47.09,48.81,246.5,F
306.5,314.5,220,229,433,433,357,353,157,157,45.79,45.46,294,F
334.5,333,236,232,449,463,355,361.5,157.5,160,54.01,53.31,282,M
333,334,242,242,456.5,455,368,367,153,156,55.72,55.24,265.5,M
308,312,217.5,,448.5,447,345,341.5,151,148,49.08,48.32,242.5,M
362,365,264.5,267,495.5,491,400,400,173,171,57.66,57.09,292,M
318,322,231.5,236.5,458,458.5,353.5,360,173,171,55.83,55.33,289,M
284,290.5,204,208,393,393.5,305,301,142,139,45.4,44.84,223.5,F
323,324,240.5,244,470.5,468.5,383,384.5,163,161,51.28,51.88,277,M
350,350,249,253,468,465,378.5,377,158.5,156,55.25,55.08,281,M
298,300,214,216,432,431.5,353,350,163,161,48.61,47.42,287,F
288,289,208,207,387,387.5,,308,145,144,47.67,49.18,252,M
250.5,255,186,186,349,342,290,292,150,151,41.12,43.28,254,F
299,301,,222.5,429.5,431.5,349,340,159,161,47.9,47.22,258,F
328.5,326,246,246,470.5,474.5,374,376,159,157,55.75,55.77,269,M
323,318,240,236,445,448.5,345,344,170,174,54.08,53.56,278,M
296,303,221,228,413,413,324,326,147,151,49.91,47.54,265,M
313,318,,230.5,450.5,451.5,359,359,159,162,52.98,52.65,278.5,M
328,328,249,251,453.5,454,353,355,150,153,52.07,51.78,250,M
335,339,257.5,259,457,451,396,397,173,170,55.84,54.71,294,M
336,339,259,257.5,446,,,,168,171,56.92,56.91,299,M
309,316,240,244,440,433.5,360,358,147,145,49.09,48.16,263,M
334.5,335.5,248,254,441,448,368,368,160,162,51.45,50.77,281,M
315,319,228,225.5,431,431,335.5,337,149,151,51.07,52.56,252,M
325,326,230,231,407,426,343,348,153,154,49.55,49.92,238,M
311.5,315,238.5,240,435,427.5,348,347,151,150,48.55,47.1,248,M
300.5,302,229.5,231.5,428,421,353,349,147,148,49.63,51.11,255,M
351,354,248,254,497,498.5,422,415,171,172,54.28,56.79,297,M
353,359.5,259.5,260,491.5,491,,386,163,166,60.1,56.5,293,M
282,287,212,218,401.5,400,327,328,158,156,55.96,56.63,280,M
319,323,237.5,242,425,422,350,351,157,152,51.84,51.34,265,M
318.5,315,223,221,418,421,335,343,159,158,49.29,48.64,257,M
327.5,331,241,243,452.5,448.5,363,,159,158,54.78,54.22,251,M
315,320,235,237,426,427,337,336,154,155,48.72,49.42,253,M
315.5,323,229.5,231.5,442,446.5,366,367,161,163,55.56,55.08,269.5,M
290,298.5,240.5,239.5,428,419,355,356,157,158,52.65,51.93,263,M
326,327,243,245,455,451,369,372,162,161,53.78,53.38,282,M
285.5,286,224.5,227.5,408,409,323,325,145,146,48.8,49.43,239,M
347,348,255,252,470,476,367,370.5,156,158,54.64,52.09,248,M
229.5,334,236.5,240.5,440.5,447.5,368,372,156,153,51.35,51.17,269,F
344,348.5,265,271.5,498,498.5,402.5,402.5,169,169,50.64,52.76,261,M
345,348.5,247,246,460,466,379,380.5,166,166,51.12,51.81,265,M
309.5,313,209,213,438,433.5,333,331,170,173,47.33,46.7,293.5,F
326.5,327,244.5,244,478,479.5,375,380,160,161,51.26,50.58,277.5,M
293,297,215,216.5,397.5,397,310,308,141,139,49.16,49.19,237,M
316,,227.5,225,423,426,350,352,160,159,47.97,47.65,286.5,F
301,304,213.5,213,414,406,323,320.5,151,149,49.08,48.89,238.5,M
271,273,195,199,359,365,305,304,142,145,43.77,42.99,270,F
310,311,230,231.5,436.5,440,356,350,162,161,48.3,47.36,272,F
305.5,311.5,232,233.5,410.5,414,348,350.5,152,151,53.04,53.67,281,M
326,332,225,227,445,443,368,370,169,166,52.29,51.54,293,F
351,343,263.5,263,487,478,403,,175,180,52.85,53.17,290.5,M
300,304,218,214.5,,412,318,325,160,159,47.08,50.31,272.5,F
299.5,303,212,219,406.5,407.5,337,339.5,152,152,43.1,42.71,269,F
308,319,224,223,429.5,431.5,,346,150,,54.75,55.06,268,M
300.5,300.5,228.5,226,422,427,345,341,,161,52.39,52.14,271.5,M
318,323,246,245,432,427,368,370,147,150,50.42,49.66,272,M
302,304,218,218.5,406,406,326,328,153,150,53.1,55.6,268,M
331,327.5,237,241.5,455.5,447.5,367,363,156,157,51.32,52.85,267,M
296.5,294.5,222,221,415,415,346,345,156,154,47.06,47.75,281,M
336,335.5,243.5,245,433,428,351,352,178,179,60.49,59.64,299,M
332,335.5,248,254,468,465.5,376,373,168,167,57.97,58.35,276,M
311,314,233.5,236.5,436,431,370.5,362,149,150,51.02,51.71,255,M
307,314,225,228,,428,330,335,145,147,,51.35,277,M
316,324,246,248,455,447,358,360,167,167,58.66,57.41,294,M
281,288,215,215,405,403.5,340.5,339,146,149,50.93,50.4,261,M
327.5,336,247.5,253,441,428,378,376,174,174,54.81,54.65,294,M
311.5,315,235.5,236,440,436,366.5,364,163,162,55.24,54.49,260.5,M
264,264,213,216,393,,332,,117,118,39.27,40.4,198,F
343,343,269,268,473,476,397,,156,154,53.18,53.91,257,M
296.5,299,230,231,431,428,362,361,135,136,41.55,43.23,242,F
291,292,219,222,406,396.5,342,339,,,48.19,45.44,270.5,F
,303,,232.5,425,428,350.5,353,142,144,45.09,47.51,269,M
,274,,204,379,377,315,313,,,42.32,43.67,246,F
,270,,202,371.5,373,300,302,126,125,41.87,40.05,241,F
267,269,207,208.5,,382,,311,133,131,43.71,44.25,234,M
,292,,217,390,388,326,328,,141,43.36,42.8,257,M
305,311,,241,436,437,378.5,,150,149,44.92,48.06,286,F
293,,225,,418,418,361,358,149,144,44.14,44.92,273,M
278,280,217,217,,,,,,139,41.83,42.69,270,M
298,303,226,229,421,424,345,343.5,,,,,280,F
327,338,254,255,459,456,387,390,151,150,45.03,46.79,273,M
250,268,210,220,365,365,,320,133,132,39.16,41.99,244,F
321,331,238,,454,452,373,368,155,156,52.65,54.16,262,M
,319,,239,450,450,340,342,161,160,53.05,52.69,260,M
305,322,239,240,420,426,353,348,,157,50.59,51.37,263,M
314,323,241,247,421,421,365,362,159,157,54.44,51.7,286,M
310,318,230,228,430,429,344,342,154,153,51.43,50.02,274,M
,326,250,248,,448,370,375,151,,52.41,50.7,264.5,M
326,335,,,479,473,395,386,152,153,46.75,48.12,260,M
275,281,,,384,383,325,326,136,137,41.72,40.45,223,F
296,304,224,222,,,,,145,144,47.37,46.73,248,M
282,287,223,,403,406,345,340,141,140,46.6,48.01,240.5,M
,,,,456,452,366,366,169,,52.72,54.54,278,M
285,,218,216,,377,,320,152,150,42.64,41.91,,F
,313,245,242,435,,346,,157,156,,49.03,267,M
308,312,,234,438,436,347,345,160,158,,,272,M
300,302,226,224,418,412,333,335,159,155,44.78,49.11,248,F
312,322,244,,449,,371,,167,,49.87,50.64,274,M
294,300,210,,408,405,333,333,150,151,44.2,46.48,242,F
299,303,223,224,418,409,326,325,,160,53.45,53.17,257.5,M
251.5,263,194,196.5,,367,,314,141,138,42.84,42.64,247,M
347,350,266,258,460,458,394,,,162,,,287,M
333,333,259,,,450,,359,165,167,53.86,,282,M
337,341,268.5,271,469,480.5,398,401,,154,53.44,51.28,255,M
342,342,270,273.5,483,485,422,425,152,153,51.8,51.98,256,M
,330,256,261,480,481,391,394,161,158,53.05,52.11,260,M
329,332,248,247,471,472,,384,158,160,52.91,53.74,279,M
287,292,218,,425.5,420,353.5,354.5,152,151,45.84,47.13,249,F
280,286,225,229,403,,346,,,,43.15,42.92,246,F
288,291,238,244,,406,346,349,147,145,47.58,46.06,246,M
285,290,218,214,397,396,327,328,154,155,47.28,47.64,238,F
329,337,273,274,,508,,426,158,157,53.53,53.2,258,M
282,,209,,401,395,331,331,146,148,46.26,48.12,267,F
,325,,240,,454,,368,,,46.12,45.18,233,F
305,,230,,438,436,357,358,154,,50.62,49.98,254,M
307,312,227.5,230,430,,355,,,,44.3,45.11,240,F
309,312,,222,434,436,,372,154,152,47.37,44.99,235,F
335,339,259,262,,466,409,409.5,157,157,48.23,49.05,269,F
271,276,216,219,400,394,320,323,145,147,43.47,42.14,256,F
,337,,271,491,,418,,156,154,50.57,51.47,265,M
289,289,224,,423,,354,,135,139,44.01,42.91,226,F
309,318.5,,245,439,441.5,366,365.5,160,158,49.82,51.75,303,F
,263,,203.5,377,381,308,308,149,,43.13,,,F
,296,,215,398.5,398,327,328,150,,44.64,,239.5,F
371,382,,,511.5,510.5,438,432.5,160,,57.15,55.27,293,M
289,294,221,219,416,411,338.5,335,,,48.89,49.96,270,F
,299,202,206,,393.5,,317,,150,,43.89,247,F
,,,,415,416.5,335.5,334.5,,,,49.71,253,M
333,338,,239,478,479,,,,169,,54.41,274,M
347.5,350,261.5,264,481,480,389,393,,181,,,296,M
323.5,332,,245,457,461,372,373,170,174,54.28,53.38,294,M
,282,,204.5,381,380.5,315.5,314,142,140,43.23,,249,F
329,331,,242.5,453,456,369,370.5,,,53.45,,282,M
297.5,,232,234,,420,345,347.5,,,47.99,48.09,263,F
302.5,309,225,228,436.5,,355,351,154,,52.49,,287,M
,314,241.5,247,,,,,150,,48.75,,268,M
302,310,,228,425,426,341,343,,160,,43.58,262,F
309,315,241,242.5,430.5,416,375,370,154,149,50.6,50.53,245,M
306,314,238,,,,,,168,,49.91,,296,M
300,304,230,232,421.5,418.5,353,352,149,149,45.9,45.56,264,M
292.5,297,218,220,412.5,416,334,333,158,,46.35,48.55,261,M
339,349,257,261.5,479,474,400,400,,162,58.67,60.41,315,M
288.5,290,202.5,206,,385,315,321,137,138,,41.95,239,F
317,314,245,249,443,443.5,390,390,169,164,48.06,,269,F
352,359,,268,497,502,399,403,,,,56.05,286,M
,,,,434,432.5,355,355,145,144,50.39,49.86,259,F
294,303,227,228,413,408,349,349,156,154,48.34,49.75,258,F
316,319,,,441,431,378.5,378,,,54.71,54.16,,M
289,295.5,231,234.5,414,416,347,348,150,149,51.72,51.44,261,M
325.5,327,243,246,451,454,366,362,154,,52.46,53.43,269.5,M
301,304,,226,427,425,335,339,159,156,50.1,50.33,262.5,M
300,306,239,240,416.5,416,361.5,358.5,,150,47.27,47.7,265,M
294,,218.5,218.5,394,397.5,333.5,334,157,,46.01,45.7,265,F
319,317,241,240.5,464.5,460,372,372,167,165,51.67,51.9,278,M
274.5,282,217,221,392,389,323,321,153,155,48.69,49.81,247.5,F
,345,,258,480,475,408,409,161,160,55,53.01,290,M
315,,240.5,,436,433,366,364,,,51.74,52.42,271,M
297,302,214,222,427,425,359.5,360,154,155,46.24,49.04,275,F
308.5,315,246.5,248.5,451.5,,383,385,161,163,49.31,51.38,271.5,M
300,304,232,230,425,427,351,349.5,,,51.27,51.59,268,M
303.5,306.5,227,230.5,430,435.5,341,344,150,152,53.27,52.71,247,M
271,,217,,390.5,390.5,,314,,,,,,F
272,282,220,223.5,415,413,342,343.5,144,145,46.7,46.42,233,M
277.5,278,223,224,384,382,325,325,145,143,46.79,47.34,252,F
,,267,273,352,350.5,,,123,122,39.61,39.31,199,F
329,331.5,262,267,471,468,406,403.5,143,139,50.72,50.06,245,M
269,275,213,216,355.5,361.5,311,312.5,132,133,42.51,41.67,232,F
250.5,266,192.5,195,354,350,295,298,129,127,40.47,39.21,225,F
268.5,273,212.5,210,368.5,363,311,309,120,122,40.72,40.86,235,M
,279.5,208,214.5,,368,,314,,,41.18,42.28,217,M
253,260.5,196,197,377,376,304.5,303,134,135,44.7,44.96,236,F
295,294.5,234.5,231,427,426.5,363,357,143,142,50.43,51.45,267,M
278,288.5,228,232.5,420.5,422.5,348,350.5,139,138,43.6,43.81,250,M
316,321,,,444,,,380,,,,,259,F
295,296.5,236,,403,400,340.5,340,,144,45.27,45.01,252,F
309.5,306.5,237,239.5,,418.5,366.5,366,139,137,44.44,45.31,254,F
287.5,290.5,232.5,235,405.5,,333,334,141,140,44.24,44.36,246,F
332,338,269,272,475,471.5,402.5,402.5,154,,51.74,49.69,290,M
337.5,,290.5,288,464,466,408.5,405,161,,50.08,,284,M
336.5,338,278.5,,466,466,419,409,,,,,275,M
302.5,303,250,257.5,432.5,431,362,,145,,48.8,,258,F
,,,,,,,,,,,,256,M
,329.5,266,267.5,,457,402.5,399.5,149,151,49.4,49.73,255,M
350.5,351,260,264,,,390.5,388.5,159,,53.19,,282,M
,325,261,260,448.5,447.5,383,387,144,146,50.13,51.34,242.5,M
325.5,329,254,257,,440,,372.5,151,152,50.98,50.99,258,M
315,319,249,253,453.5,452,,,156,,53.74,,274,M
341,344,289.5,291,477,,403,400.5,162,164,53.63,53.38,284,M
297,303.5,232,231,425.5,428,351.5,,138,,,,260,F
324.5,329,259,263,460.5,,389.5,391.5,150,151,,49.98,273,F
,,,,449,448.5,381,381,145,,47.41,,252,M
,348,283,285,487,484,,411.5,,162,,53.71,261,M
,292,227,230,,399,353,355,,141,,45.25,258,F
332.5,338,262,263.5,434.5,,366,370,,,,,277,M
250,,200.5,,,378,313,,145,,44.24,,250,F
,,,,405,405,340,,,,,,,M
250,256,202,,362.5,365,,308,,,,,,F
,258,,,369.5,374,316,318,,143,43.57,44.92,252,F
298,300,240,241,441.5,446,368,368,152,154,52.16,52.45,252,M
306,311,,,430.5,431,,368,,,,,,M
257,265,206,208.5,373.5,373,312,312,,,43.25,42.57,262,F
270.5,274,221,224,392,393,321.5,324,149,148,48.5,46.64,238.5,M
286.5,288.5,,226,414,416.5,334,338.5,154,156,50.68,51,240,M
293,284.5,228,230.5,394,391,332,,144,144,50.75,48.63,241,M
286,286.5,247,,432,429,,383,154,,48.11,48.75,272,M
275,276.5,227,232,403,,340.5,,151,149,51.93,,253,M
271,271.5,,224,,,,,,149,,47.35,255,M
,274.5,214.5,215,,391.5,,334.5,,153,43.86,47.54,248,M
285,290.5,230.5,232,417,423,346.5,351,148,150,50.72,50.54,258,M
,261,203.5,205,378.5,372,316.5,314,145,146,44.13,42.25,256,F
279,296,241,246,,419,,352,154,160,48.13,48.18,246,M
266,272,198.5,200,384,381,327,323,142,143,47.07,44.28,256,F
,263,197.5,203,379,380.5,314,,144,142,44.44,41.59,249,F
264.5,272,224,226.5,396,405,331,321,137,136,48.07,47.61,233,M
260,266,,203.5,372,367,305,300,136,135,39.34,40.07,225.5,F
,256,196,204,371,368,298,299,151,158,40.6,42.37,276,F
259,,,,388,,320,,142,140,43.98,43.88,254,M
293,298.5,229.5,238,418,411,356.5,356.5,152,152,48.47,47.83,280.5,M
282.5,287,233.5,,,,354,,150,149,52.42,,267,M
,,238.5,244,,420,350,351,153,151,49.98,49.77,266,M
286,287,236,,405,403,356,354,151,148,47.33,47.34,257,M
278,285,231,233,420,421,352,348.5,,,49.82,,253,M
291.5,290,,232.5,432,,,332.5,157,156,51.26,50.83,265,M
266.5,,212.5,214,385,,328,323,152,,44.56,43.53,265,F
,282,219,222,383,382.5,325,323,152,152,40.86,40.55,265,F
269,275,209,214.5,385,385,323.5,322,146,144,45.12,44.96,264,F
263,266,222.5,227,385,381.5,324,323,,141,48.62,47.17,248,M
,295,236,249,446,437,367,360,156,,50.82,49.97,271,M
,284,229,232,,421,,337,152,153,49.32,49.33,255.5,M
,,199.5,,367.5,366,299.5,301,140,142,42.01,42.56,255,F
258,,207,209,373,369,,,148,151,47.57,43.88,259.5,F
284.5,293.5,221,224,404.5,407,332,331.5,147,148,45.68,44.92,253,F
287.5,290,227.5,230,,422,,335,153,155,45.55,,268,M
287.5,289,232.5,234,406,404,,338,152,151,48.6,48.02,277,M
262.5,265,209,208,391,393,327,324,143,146,42.96,41.07,246,F
279,,228,230,410,408,339,341,,,47.26,48.23,256,M
273,274,212,216,382,385,315.5,317,143,143,40.6,41.59,261.5,F
283,277.5,228,234,402,400,338,336,154,150,49.43,49.64,267,M
267,270,218.5,218,386,384,,322,,,44.92,44.2,225,F
302,302,229,228,416,415,344,342,151,154,49.46,50.57,237,M
313.5,318,239.5,242,441,442,353,353,153,155,51.58,50.71,245.5,M
288.5,291,227,229.5,399,405,331.5,331,147,149,51.44,50.63,246,M
302,307,235,236,446,442,344,348,142,146,50.46,51.63,243,M
283,287,218,219,398,403,321.5,321,133,134,47.16,47.53,236.5,M
269.5,272,203,203,388,384,307,308,140,141,49.61,48.14,248,M
284.5,283,212,218,405.5,406,324,325,153,154,52.69,54.3,250,M
295.5,296,242,244,421,419,354,352,149,147,51.32,50.89,246,M
295,294,221,221,418,417,324,322,142,144,49.96,48.98,253,M
247,248,189,189.5,346,341.5,276,277,135,134,41.53,40.37,228.5,F
254,258,204,204.5,383.5,382,305,303,140,139,45.41,46.2,232.5,F
273,,,200,382,385,315,316,139,140,45.52,44.93,249.5,F
274,276,198,198,,380.5,307,305,142,145,42.69,43.27,238,F
273,276,198,198.5,383,386,295.5,294,145,145,47.01,47.14,255.5,F
267,267.5,186.5,187.5,378.5,374,311,311,,,,,,F
258,260,192.5,195,360,356,290,288.5,141,140,42.31,42.05,238,F
270.5,274,207,209,379,379.5,300,302,154,154,46.96,46.41,253,F
262,263.5,194,197,379.5,378,297,297,135,136,44.01,44.17,218,F
251,254,179,180,351,348,280.5,278,144,139,45.14,44.67,243.5,F
277,279.5,202,203,379.5,383,310,310,142,141,42.46,42.6,249.5,F
284,278,209.5,202,384,380.5,308.5,312,144,150,45.95,43.72,244.5,F
306,315,240,239.5,436,437,,377,159,,,50.25,273.5,F
315,309,254,253,,442,,374,,154,,49.53,268,M
290,296,,223,405,396.5,345,341,155,154,47.61,48.06,286,F
298,,254,,463,458,384,384,163,164,53.16,52.17,265,M
304,310,247,245,442.5,439.5,360,361,145,147,56.29,56.79,252,M
308,315,250,255,448,,375,377,161,164,54.26,54.65,284,M
333,335,260,259,472,474,384.5,384,159,161,53.64,54.51,270,M
335,341,266,261,490,491,,405,154,155,51.87,51.53,269.5,M
329,,261,,,449,388,388,,160,,50.53,255,M
315.5,316,257,256,427,,367,,148,152,,50.3,273,M
297,302,223,227,422,418,334,332,,,46.07,47.47,235,M
299,298,237,238,372,373,331.5,,141,140,48.99,49,244,M
336,338,254,253,485.5,487,382,383,146,146,49.58,48.39,235,M
330,341,258,254,443,440.5,370.5,371,150,151,50.5,51.47,251,M
298,294,227,227,399,400.5,354,360,140,137,45.21,44.4,239,M
308,307,232,236,428,431,351,357,149,148,50.3,49.98,259,M
312,314,237,239,,425,,375,157,155,46.86,47.64,274,M
306,309,234,235,439,,,,155,,46.06,46.54,254,M
330,330,244,244.5,455,454,,,153,154,49.85,50.12,258,M
344,338,253,257,,470,,392,171,172,55.07,54.24,284,M
312,310,249,,425,424.5,,353,168,170,51.17,51.71,257,M
,315,212,222,428.5,428,358,353,146,148,44.93,43.08,240,F
,334,,255,454,,395,,161,,50.63,50.97,281.5,M
,313,228,226,432,428,349,354.5,,,,47.18,256,M
265,273,217,219,351.5,375,307.5,310,152,151,40.34,40.18,256,F
310,,258,,480,471,,,178,176,57.48,57.27,293,M
346,360,276,284,485,489,408,412,171,173,56.35,55.1,307,M
307,304,238,240,409,410,340,338,154,151,49,50,270,M
302,305,227,226,,416,,337,148,152,,46.17,274,F
318,327,254,261,,436,,373,152,150,,52.23,271,M
288.5,295,220,227,416,417,345,342,160,159,46.97,47.82,273,M
273,274,206,206,382,380,304,303,140,141,43.87,42.71,247,F
314,312,255,,,407,,348,155,154,49.44,48.26,273,M
325,331,246,251,453,460,379,380,,,54.8,56.19,253,M
299,301,239,235,440,443,365,360,146,146,49.86,49.91,228,F
311,310.5,232,,445,452,375.5,,,140,,45.45,234,M
328,334,248,254,420,418,340,340,156,154,51.73,52,268,F
322.5,334,231.5,235,451,444,349,,,,,49.09,270,F
323,327,,,455,,375,,155,153,52.52,53.77,263.5,M
301,289,,235,427.5,431,357,353,,,,,,F
281,294.5,,216,388,391,330,329,151,150,,,270,F
289,293,230.5,234.5,418,,351,,143,145,44.56,47.11,250,F
345,351.5,272,274.5,,,410,410,162,161,54.94,55.02,278,M
332,334,257,261.5,473,478,395,395,147,147,51.29,54.32,275.5,M
,286,,211,405,406,334,333,149,144,,46.05,252,F
321.5,323,253,253,462,457.5,387,,165,163,51.48,51.56,280.5,M
277,286,213.5,219,412,413.5,341,338,159,162,47.38,45.17,276,F
270.5,278,213,219,398,396,337,336,153,155,44.31,45.46,253,F
308,309,243,243,430,432.5,356,354,148,149,52.23,50.97,253,M
,,213,,400,404,347,344,,145,,45.35,250,F
,335,243,241,461,454,372,373,153,,50.95,51.94,281,M
340,343,261,260,476,474,409,406,163,160,55.15,54.74,274,M
318,326,252,249,443,435,368,364,,,50.37,51.92,286,M
332.5,339,252,256,474,475,391.5,391,,,,52.95,267,M
310,313,232,238,447,448,378,380,164,160,49.12,48.56,271,M
,339,,258,,487.5,394,394,,,50.01,49.1,266,M
298.5,305,,233,,424,343,344,,,,,,M
292,300,207,213,412,412,332,335,164,166,49.72,49.88,270,M
330.5,339,227,230,460,460,357,355,160,160,55.24,55.23,266,M
,301,,,425,418,363.5,358.5,147,,49.39,,,M
317,315,237,,463,455,379,378,,149,50.48,50.06,,M
319,289,,,438,436,356,361,161,,49.57,45.65,257,M
291.5,296,231,,401,399,340.5,340,,,,,,M
309,312,240,236.5,428,432,351,351,148,149,51.2,52.37,257,M
272,271,,209,380,380,320,321,140,139,44.94,45.53,249,F
299,300,217.5,218,415,418,332,330,139,141,48.21,48.28,244,F
301,302,230,232,437,433,352.5,354,,151,,51.65,270,M
300,302,218,220,405,410,327,237,139,143,46.83,45.94,234,F
279,282,216,214.5,401,403,326,325,139,141,50.65,49.11,235,F
303,306,,231,406,405,325,332,,151,,53.12,274,M
286,294,232,242,425,422,343,343.5,146,149,49.96,50.91,257.5,M
286.5,,225,224,400.5,395,335,332,,,47.39,49.14,242,F
302,306.5,233,233,430,428,350,350,150,148,50.3,49.2,264,M
310,314,238,239,,,,,165,168,52.69,53.77,288,M
304,304,223,,434,430,333,338,154,157,56.89,57.23,273,M
286,288,220,217,399,400,321,326,,155,,49.72,272,M
290,299,223,225,407,409,339,337,157,158,51.32,52.85,262,M
286.5,288.5,211,216,396,393.5,313,311.5,149,149,48.02,47.54,258,F
297.5,302,228,231.5,,430,356,,148,149,51,51.14,255,M
285,283,219,222,,405,333,,146,146,47.64,49.39,238,F
297,298,228,231,410.5,407,339,338,145,143,50.56,50.97,231,M
,,199,200,,374,295,,145,143,48.76,48.72,252,M
302,306,,233,423,423,350,354,160,161,51.71,51.98,289,M
,,231,228,400,399,339.5,341.5,146,144,49.56,48.96,250,M
,,231,226,428,431,350,,159,159,52.27,52.53,254,M
,,210,,412.5,414,327,328,143,145,50.23,50.97,245,M
295,295,224,221,421,417,339,338,148,148,50.95,50.3,256.5,M
291,293,229.5,232,412,408,328,326,137,140,49.38,48.67,244,M
282,283,230,234,391,390.5,313,318,144,143,49.35,48.65,243,M
304,308,228,231,442,442,348.5,350,161,158,56.41,55.57,273,M
304,,231,,418,420,372,368.5,148,148,44.61,45.96,225,F
317,325,250,252,431,430,360,,141,143,48.28,47.4,240,M
318,325,245,249,452,443,376,377,143,146,49,49.66,253,M
318,319,264,262,459,455,390,389,158,159,,,256,M
315.5,322,244,243,439,442,361,362,145,146,51.4,49.37,242,M
317.5,316,258,258.5,455,459,376,379,146,,49.33,,234,M
305,312,245,245,436,436,365,366,139,140,51.86,50.77,249.5,M
329,333,266,268,481,475,407,405,153,150,50.75,51.76,271,M
314,317,241,243,445,441,374,372,145,145,48.77,48.01,257,M
316,317,,260,435,438,367,368,153,155,52.71,53.06,252,M
307,308.5,242,246,453,453,377,376,145,142,51.8,51.45,237,M
322,325,262,265,447,447,385,381.5,142,,50.66,51.17,249.5,M
257,263,213,209,368,367,337,337.5,127,129,40.34,39.72,233,F
274,284,211,216,398.5,394,331,333,126,125,42.81,43.16,219,F
296,291,232,228,421,412,354,355,150,151,53.73,54.57,261,M
303.5,301.5,230,232,408,418,356,354,,,48.56,50.34,258,M
294,296,225,226,413,409,351,354,148,150,46.25,49.18,274,F
277,282,218,225,398,403,346.5,348,,,49.16,48.94,259,M
280,280,214,213,389,390,330,334,132,137,47.14,45.95,240,F
304,308,237,239,425,432,365,368,147,149,51.83,49.67,268,M
322,325,247,246,460,457,373,370,149,152,52.57,52.71,265,M
268,276,219,217,405,408,348,344,134,129,41.61,44.26,213,F
263,267,201,,389,390,324.5,326,127,126,40.14,39.07,215,M
268,269,203,202,374.5,370,310.5,313,133,133,40.14,41.54,235,F
300.5,301,233,231,415,417,353,358,135,137,49.72,49.72,227,M
275,276.5,218,217,384,383,327,328,131,139,46.79,47.58,231,M
250,254,192,193,358,359,,305,124,126,40.46,39.74,219,F
252.5,253,195,196,354,351.5,288,291.5,130,131,39.56,38.68,223,F
283,285,230,233,405,403.5,341.5,346,138,135,46.61,45.94,221.5,M
267,267,,199,367,365.5,,308.5,,,,,,M
262,262,198,200.5,371,369,316,315,,,,,,M
288,293,234,,411,,355.5,,,,,,,M
,,,,,407,,353.5,124,126,49.38,48.47,220,M
,275.5,219,220,396,,347,,,,,,,F
280,284,227,230,394,393,335,335,,,,,,M
254.5,259,202.5,201,,,,311,122,123,42.55,43.39,215,M
271.5,274,213,215,389.5,390,,337,,,,,,M
315.5,319,252,251,442,443,378,379,151,158,51.22,51.89,268,M
268,269,215,,387,386,309,307,,,43.88,44.85,238,M
257,259,204,205,362,359,310,307,117,120,40,37.89,224,F
277,278,219,218,409,407,330,329,138,139,46.88,45.86,233,F
337.5,342,259,265,472,472,414,415,147,147,52.58,52.3,260,M
,,248,250,428,427,355,353,147,147,51.06,51.43,245,M
314,311,252.5,255,449,446,383,382,150,149,49.42,49.39,260,M
288,282,,240,414,411,343,347,,,,,,M
,270.5,,226,398,400,335,333.5,,,,,,M
305,304,235,238,421,418,344,342,152,153,52.48,52.82,250,M
295,298,219,220,406.5,408,339,334,,,,,,M
297,297,,240,411,406,355,355,136,134,45.17,45.89,223,M
293,288,221,,408,411,336,335,145,,51.62,51.75,251,M
294,300,214,219,410,407,325.5,324.5,142,144,54.47,55.18,239,M
262,266,196,196,351.5,353,290,298,135,138,43.42,44.01,239,F
317,319,253,251,447,436,346,344,160,159,50,49.12,257,M
312,313,237,243.5,428,427.5,338,339,,,50.65,50.79,236.5,M
318,323,245.5,251,434,429,341,342,149,150,51.53,52.87,274,M
309,309.5,244,,437,439,361,356,155,,54.21,,,M
,306,,234,,423,,341,,150,,46.49,246,F
332,329,269.5,266,463,459,393,390,160,159,48.79,48.35,265,M
311.5,309.5,223,232,426,428,358,357,142,141,44.94,46.71,252.5,F
286,287.5,222,223,408,405,341,341.5,140,139,42.94,42.83,249,F
317,314,255,254.5,437,435.5,365,367,152,153,53.35,51.87,252,M
304,300.5,251.5,251,426,,363,360,143,141,50.93,,241,M
304,306,234.5,237,426.5,426,353,352.5,143,142,45.96,47.51,245,F
321,322,250.5,253,452,457,373.5,375.5,152,151,50.43,49.51,264,M
311,305,233.5,232,425,427,359,359.5,144,145,48.82,48.79,248.5,M
325,329.5,239,240,472,457,398,,143,143,48.74,48.25,239.5,M
317,319,251,252.5,449,449,397.5,396,134,135,47.49,48.03,233,M
325.5,328.5,244,247,469,465,393,391.5,145,144,49.73,48.97,262,M
295.5,296,213,,411,413,323,328,150,150,47.82,49.1,251,M
294.5,300.5,237,238,434,436,371,372.5,150,151,48.96,48.47,264,M
310,316,256,259,432,,371,,147,152,51.86,52.87,273,M
268,278.5,203,207,370,369.5,298,296,142,147,44.44,43.75,258,F
,266,,192,368,366,294,298,147,,42.07,42.69,247,F
284,290,223,225.5,,385,,327,143,141,44.27,45.41,252.5,F
293,300,,,,402,371,376,153,154,46.06,44.87,257,F
288,293,224,226,400.5,398,341,340,145,149,44.56,45.33,261,M
280,291,249,254,436,,363,,157,157,50.97,53.12,284.5,M
314,321,,,430,433,364,367,157,160,50.14,50.43,276,M
290,299,227,233,414,418,338,343,149,153,48.92,45.93,271,M
290,291,227.5,,384,381,306,306,149,147,45.19,45.13,263,F
315,320.5,234,237,435,436,,,150,,53.45,54.43,260,M
277,285,216,,395,389,319,321,150,151,45.23,45.94,249,M
314,320,235,246,,444.5,380,372,141,139,48.05,45.11,240,M
309,313,241,,429,427,361.5,361.5,,,52.02,,295,M
,,215,217.5,420,422,341,338,151,149,48.32,51.1,280,M
327.5,329.5,236,,454,453,361,361.5,,,50.96,51.52,279,M
319.5,324,248,,455,460,379,,,,51.71,,295,M
289,295,209,211,410,411,339,339,,157,45.75,48.33,256,F
312,320,238.5,,450,452,368,369,,,52.77,53.34,272,M
328,329,245,242,427,427,,,,165,50.39,52.01,283,M
284,,213,,397.5,397.5,,333,143,,46.72,47.53,241,M
316,330,238,240.5,453,456,382,378,161,,52.78,53.98,273,M
,314,234,237,,,,,,,51.48,50.49,260,M
296,302,224,228,,,,,155,150,49.1,,280,F
296,305,213,,416,414,351,354,,,48.09,50.76,278,F
344.5,,263,269.5,492,499,400,406,168,,56.45,,290,M
286,288,209.5,213.5,392.5,388.5,318,319.5,,,,,253,F
,316,,231,453.5,456,359,359,161,160,48.82,46.82,284,F
306,310,229,229,456,454.5,372,372.5,161,161,51.93,51.35,263,M
274,283,217,217,362,356,313.5,315,,,48,48.44,249,M
299,300,224,,399,399,330,328,157,154,51.55,52.56,260,M
,,,,425,429,354,353,158,156,48.22,47.96,282,F
304,306,225,,438.5,436,368,367,151,156,46.43,46.35,274.5,F
327.5,334,248,252.5,478,481,393,395,165,160,56.28,56.47,272,M
286,290,221,221,413,396,340.5,327,137,,43.83,42.85,244,M
313,312,,235.5,430,426.5,351.5,352,145,146,45.53,46.42,252,M
308.5,311.5,233,235,425.5,428,348,346,149,145,51.8,53.02,259.5,M
290,292,218,219,424,415,354,351,151,143,45.09,44.91,273,F
297,303,216,217,419,,329,332,151,146,49.83,51.48,258,M
296.5,299,219.5,220,390,,327,322.5,145,,45.84,45.54,258,F
327,323,,248,452,449,399,398,,,54.09,53.28,282,M
279,285,214,219,,401,342,344,,,44.84,45.45,246.5,F
321.5,326,247.5,252,436,437,361.5,358,,,51.64,52.8,257,M
300,304.5,222,222,428,417,343,338,157,162,44.38,45.86,283,F
298.5,305.5,246,245.5,437.5,437,370,367,140,,51.23,50.78,238,M
261.5,259,196,191,382,379,314,313.5,137,136,43.32,42.34,233,F
323.5,323,239,239.5,448,447,372,,156,155,52.11,50.96,245,M
302,308,216,218,427,422,361.5,359.5,137,135,44.32,45.49,232,F
302,306,218.5,220.5,411,426,354,,,,48.08,46.61,253,M
320.5,325,241,245.5,437.5,432,378,377,159,160,50.42,49.02,271.5,M
294,296,213,219,401.5,401,341,344,147,148,47.77,48.24,250,M
313.5,319,248,250.5,424,421.5,370,364.5,159,157,51.63,50.71,260.5,M
281,286,204.5,209,,387.5,321.5,322,159,,47.67,47.77,280,F
296,303,230,240,429,429,360.5,363,150,151,50.87,50.97,260,M
303.5,309,240.5,237,432,441.5,360.5,358,147,145,48.47,48.33,265,M
308,309,237,239,434,431,376,376,145,147,49.77,48.4,243,M
267,271,199,199,,379,308,302,142,140,47.02,45.62,229,M
320,323.5,239,239.5,439,441,383,384,,,53.21,52.1,261.5,M
301.5,,231,233,423,423,362,361,150,151,46.3,46.76,255,M
317,324,230,241,452.5,462,376,368,166,165,47.56,48.08,279,F
276,278,213,212.5,380,,318.5,,151,148,44.46,43.99,254,F
299.5,301.5,207.5,208,424.5,420.5,339,334,162,159,50.29,50.2,261,F
294,297,208,212,411,409.5,329.5,331,150,152,48.59,48.08,281,F
305,310.5,223.5,223,432,430.5,365.5,365,168,169,51.8,52.46,300,F
290,295,218,219,399,392,326,325,150,153,46.5,46.18,274,F
323.5,327,251,256.5,431.5,432.5,363,368,159,160,53.95,53.37,282,M
313,315,245,247,432,430,350,346,,164,52.14,53.15,287.5,M
317.5,326,253,256,441,441.5,380.5,384,164,165,49.84,49.84,278.5,M
,308.5,,235,388,386,330.5,327,144,146,51.06,51.62,263,M
295,303,242,239,409,409.5,352.5,355,152,151,46.53,45.68,283,M
265,269.5,205,,381,377.5,320,319,149,149,42.28,43.53,259,F
301.5,305,231,233,407,412,346,345,152,152,48.87,47.96,283.5,M
296,300,215,219,417.5,415.5,329,330.5,155,157,48.75,48.76,281,F
316,322,240,241,421,418,360,359,145,149,49.3,49.27,265.5,M
290,294,231,233,400,,345,,155,153,49.34,48.34,269,M
282,286,217,219,410,407.5,342,340,145,144,44.1,44.98,265.5,F
295,310,230,231.5,430,426,337,336,153,152,49.78,51.3,263,M
325.5,332.5,247.5,250,463.5,457,371,373.5,154,156,54.59,55.41,272,M
286,287,,228.5,402,395,344,344,151,152,51.29,50.94,259.5,M
272,279,224,,389.5,390,340.5,336,146,148,47.36,46.73,265,M
269.5,275,207,208.5,375.5,380.5,326,332,136,137,43.21,43.66,247,F
262.5,264.5,192,195,354,347,279,274.5,140,141,40.56,41.2,250,F
293,298,225,232,416,409.5,342.5,344,150,151,48.06,48.14,267,M
254,256,194,196,345,345.5,298,297,139,139,42.12,42.48,252,F
275,278,216,218,381,377.5,321.5,320.5,144,145,46.82,46.3,265,M
,255,209,213,379.5,378,313,315,123,124,40.53,40.57,,F
286,288,232,235,400.5,399,335,335,,129,44.87,45.28,218,M
255,260,203,207,364,361,317,316,113.5,113,39.98,41.65,,M
276,275,220,222,387.5,384,324.5,324,105,106,44.39,44.11,195,M
307,309,252,256,438,441,362,365,133,136,45.34,44.4,,M
252,252,206,205,382,377,316,316,119,121,40.57,39.04,205,F
273,273,221,223,389,387,314,314,115,114,44.3,43.98,196,M
279,282,218,223,399,401,331,333,,,,,201,F
260,262,214,215,365,362,312,311,124,122,42.42,42.59,207,M
275.5,273,221,220,402,406,341,340,,,42.73,42.05,197,F
251,255,198,198,377,371.5,309,313,,,39.81,40.4,184,F
,334,,267,,479,,382,,179,,59.37,309,M
318,319,249,253,444,443,373,374,146,149,45.14,44.43,252,M
285,296,226,228,418,420,349,350,,132,41.26,42.45,218,F
287,289,227,232,437,428,362,366,132,134,42.44,41.3,240,F
318,315,227,231,431,426.5,371,373,145,144,42.17,42.33,225,F
317,316,250,255,461,458,384,381,130,135,46.76,45.44,233,M
289,295,232,230,,,,,151,152,44.98,45.24,270,F
323,,238,,438,,356,,148,147,50.75,52.59,267,M
292,296,216,215,412,420,341,340.5,147,155,47.06,47.05,272,F
337.5,342,269,267,,468,390,393,,151,55.09,52.66,275,M
284,291,221,224,410,418,342,344,145,147,43.88,44.75,246,F
284,288,222,220,393,394,322,326,146,150,44.87,43.9,,F
304,303,245,242,,437,,359,151,153,51.32,52.43,274,M
,,,,400,402,340,338,150,147,43.75,46.58,259,F
307,310,255,254,427,,368,,149,148,55.01,53.77,,M
290,294,224,229,414,414,342,341,140,141,50.78,50.73,253,M
292,291,218,212,416,421,328,328,149,149,46.38,47.29,273,F
302,,261,,,430,,369,155,154.5,52.73,,277,M
292,300,229,220,,399,,324,,143,,46.26,251,F
319,322,250,,443,446,371,370,150,150,55.16,51.61,265,M
312,313,245,248,438,,366,,150,154,51.94,52.47,260,M
297,302,244,245,421,,359,,144,146,49.8,50.6,252,M
274,274,,208,387,389,326,324,138,139,43.29,42.56,254,F
305,305,238,235,420,427,344,353,152,151,46.36,46.82,,F
,321,,238,,431,,359,147,145,45.01,44.78,236,F
320,,246,,433.5,,384,,146,,48.62,,262,M
359,366,278,279,499,,423,,,,,,245,M
,314,,241,,435,,360,,138,49.56,51.29,242,M
304,295,211,,423,,338,340,,,,,296,F
347,335,257,243,462,466,375,379,,,,,301,M
282,296,208,205,390,385,304,307,,,,,289,F
307,313,226,226,430,432,339,340,,,,,281,M
284,290,205,205.5,394,396,316,319,,,,,275,F
339,353,258,266,485,479,405,411,,,,,300,M
335,342,254,254,465,467,374,369,,,,,272,M
287,296,206,208,410,410,338,336,,,,,261,F
287,297,221,223,414,413,342,339,,,,,254,F
311,319,238,239,408,414,337,337,,,,,259,M
285,292,212,210,420,420,336,331,,,,,258,F
267,275,204,206,373,374,311,306,,,,,246,F
311,320,246,245,454,457,373,368,,,,,254.5,M
340,,254,252,455,455,370,371,,,,,279,M
274,284,209,211,408,406,326,324,,,,,261,F
273,283,209,211,408,407,324,324,,,,,266,F
344,342,262,260,495,494,394,387,,,,,288,M
344,342,261,260,494,495,394,388,,,,,288,M
288,302,220,221,410,401,335,332,,,,,246,F
309,325,238,241,453,,371,372,,,,,272,M
291,303,212,219,416,414,330,327,,,,,274,F
271,278,209,211,387,393,305,312,,,,,248,F
286,306,211,213,395,397,308,310,,,,,273,F
324,326,243,246,452,450,370,368,,,,,294,M
289,296,219,213,407,408,327,327,,,,,279,F
286,293,215,221,404,400,325,326,,,,,286,F
338,345,254,252,461,461,385,376,,,,,271,M
327,334,269,268,444,444,387,391,,,,,273,M
302,310,231,237,446,448,365,366,,,,,259,F
305,305,230,231,410,410,345,348,,,,,277,M
308,311,228,226,431,433,359,357,,,,,266,F
335,337,257,261,462,458,375,369,,,,,281,M
330,335,242,242,431,438,365,356,,,,,263,M
284,292,202,208,411,411,336,334,,,,,272,F
319,324,251,253,450,446,365,363,,,,,294,M
327,340,250,250,439,436,366,365,,,,,274,M
275,281,202,201,410,408,331,326,,,,,265,F
295,303,218,221,409,412,320,321,,,,,279.5,F
334,342,260,266,482,484,410,408,,,,,283,M
291,297,224,221,413,415,332,331,,,,,254,M
274,279,209,213,398,399,318,325,,,,,248,F
283,283,203,204,412,414,323,327,,,,,257,M
300,307,224,226,428,430,341,342,,,,,263,F
291,295,213,219,402,402,317,319,,,,,260,F
320,331,235,238,452,444,353,354,,,,,278,M
297,302,214,217,384,387,322,323,,,,,263,F
276,282,211,215,401,398,338,338,,,,,233,F
318,327,237,242,433,433,338,336,,,,,242,M
296,309,229,236,439,435,359,358,,,,,257,F
339,341,255,258,477,475,396,398,,,,,305,M
323,323,248,,437.5,442,,385,162,161.5,48.62,51.75,272,M
277.5,276,213,212,404,397,338,336,140,140,46.68,45.05,270,M
256,255,197,196,367,371,305,306,130,132,42.82,43.14,235,F
349,356,276,272,476,473,388,390,172,,54.89,56.07,,M
313,320,258,257,444,,373,,153,156,51.6,52.88,262,M
281,286,,223,401,398,337,338,159,160,45.16,45.09,280,F
286,295,221,224,409,412,331,334,,,,,251,F
315,320,246,246,455,452,360,351,,,56.94,53.4,268,M
331,,240,239,485,488,382,385,161,166,53.51,54.72,274,M
,327,233,233,440,439,353,353.5,156,156,47.58,46.57,275,F
,323,247,248,452,456,360,357,,,52.7,53.91,268,M
315,318,242,248,427,428,375,376,157,158,46.56,48.46,271,M
287,300,222.5,226,417,417,338,335,154,155,46.06,46.53,262,F
279,287,217,220,387,387,326,329,145,,45.94,44.35,258,F
274,281,214,211,386,380.5,324,323,,,47.63,47.51,260,F
308,307,227.5,,428,420,358,357,158,158,48.71,49,272,F
,,,,445,442,379,378,134,134,44.47,42.92,242,F
332,329,272,272,462,462,398.5,401,150,151,49.89,48.09,242,M
294,,226,,421,416,343,343,154,156,46.18,48.59,280,F
292,312,,244,444,441,363,,157,,48.08,52.44,276,M
,285,,224.5,,395,,340.1,,,48.47,47.62,273,M
320,328,257,259,456,,389,391,,176,,54.37,,M
276,,216,221,396.5,392,331,330,160,,,45.26,269,M
301,303,,237,,431,349.5,351,,,50.98,50.48,241,M
341,347,261.5,260.5,464,465,388,387.5,168,165,52.78,51,294,M
302,311,232,233.5,,419,352,349.5,153,151,51.42,51.33,262,M
308,315,228,234,429.5,432,351,354.5,148,147,48.03,49.19,249,F
315.5,323,230.5,234.5,434,437,359,361.5,159,159,50.11,51.12,285,F
289,294.5,,232,,412.5,336.5,338,156,155,48.04,47.74,277,M
363,369,269.5,268.5,,505,,412,166,163,55,,295,M
316.5,314,238.5,240,,445.5,369,369,159,161,51.89,52.7,262,M
292.5,298,211,213,,397,333,333,,,51.06,53.14,271.5,M
343,343,269.5,269.5,509,499,416,414.5,179,175,57.89,56.65,283,M
324,330.5,242,,459,,384,380,155,156,46.07,46.1,267,F
327,330.1,259,267,462,463,381,380.1,,161,52.77,53.54,246.5,M
318,323,253,254,,456,392,386,164,160,57.64,55.16,292,M
,329,246,247,443,443,377.5,377,156,155,52.38,52.05,285.5,M
,308,,226,,448,,347,164,166,56.09,56.69,276,M
340.5,342,262,268.5,479.5,481,,,,168,52.73,52.76,273,M
293,293,217.5,222,406,406,334,334,151,150,46.63,47.58,274,F
278.5,283,,222,400,403,343,345,154,152,,44.31,261.5,M
295,295.5,227,227,414.5,411,347,346,160,161,46.92,48.13,271,F
292,296,220,225,397.5,398,333,335,,146,46.99,47,258,F
272,,215,,390.5,386,,,143,,47.17,46.6,255,F
279.5,283,214,217,394,392,321,325,144,143,45.48,46.79,249,M
306,307,240,242,433,430,355.5,,154,156,53.07,53.98,265,M
283,288,,218.5,402,392,347,343,,146,46.39,45.87,251,F
335,337,266,270,462,458,382,383,173,171,55.57,55.88,272.5,M
,306.5,215,217,408,405,,329.5,159,,46.35,48.24,281,F
305,310.5,252,249.5,441,441,370.5,371.5,166,,52.89,53.53,299,M
312,310,236,237,425,425,356,357,159,,49.77,,276,M
301.5,,224,,440.5,439,357,357,161,163,49.08,48.6,272,F
270,282,212,214,409.5,408,333,331,142,143,44.88,44.53,237,F
279,,220.5,221,,391,,337,149,145,44.39,45.14,,F
316.5,326,249,,451,458,371,379.5,161,161,49.29,51.44,279,M
301.5,310,244,242,408,407,360,360.5,149,144,49.44,50.76,260,M
290,295,227,228,411,407.5,350,350.5,147,146,43.31,43.94,236,F
285,292,222.5,225,403.5,,336,,147,144,46.08,45.73,273,F
301,,216,214,430.5,430,347,344.5,147,,46.59,45.39,248.5,M
287,301,231,238,437,432,361,363,,152,47.08,48.36,255,F
335,336,271,271,476,477,405.5,405,,,53.44,55.97,303,M
294,296,221,223,399.5,397,336.5,334.5,161,157,46.83,45.52,278,F
307,315,230.5,232,433.5,428.5,352,352,158,156,48.93,48.3,266,M
322,328,246.5,254,468,469.5,380.5,388,154,153,51.89,51.95,275,M
274,278,219,223,384,389.5,331,328,156,152,46.37,46.46,263,F
300,300.5,224.5,226,410,407.5,342,342.5,153,156,47.17,48.51,247,M
326,291,243,243.5,455,450,378,378,162,160,47.9,48.27,291,F
283,,,223.5,407,,339.5,337,153,,43.45,44.79,258,F
351.5,357,,264,489.5,491.5,406,403,165,162,52.91,54.13,,M
,313,237,238,427.5,430,366.5,363,157,,45.8,47.04,283.5,F
295,297.5,243,246,432,431.5,368,367.5,157,156,50.78,51.2,270,M
286.5,288,210,211,419,421,336,334,141,140,46.23,47.61,265,F
330,331,255.5,252,458,459,389,386,155,154,54.43,55.71,277.5,M
302,310,230,232,430,423,346.5,346.5,145,150,49.63,50.23,266.5,F
304,308,243,248.5,434.5,426,358,359,155,,50.39,49.59,261,M
313.5,319,222,222.5,433.5,437,356,355.5,166,163,47.28,49.44,293,F
,294,,214,408,402,343.5,340,145,142,44.07,44.48,259,F
,,256,259,469.5,,383.5,,154,,53.67,,281,M
309.5,319,249,251,432,430.5,368,368,,173,,58.24,303,M
313,319.5,235,239,434,438,351.5,353.5,151,153,50.18,52.2,275,M
287,293,220.5,228,411,403,343,341,,,46.63,46.44,280.5,F
331.5,339,262,263,468,460.5,383,386,175,173,56.42,54.61,295,M
314.5,319,244.5,244,439,439,356,361,,,52.82,53.14,290,M
311,316,244,244.5,442,445,363.5,369,144,145,51.46,50.94,260,M
339,342,257,258,446,442,360.5,377,,150,49.66,56.22,254,M
,323,225,217,430,422,365,362,159,158,53.43,54.48,271,M
301,305,232,236,419,420,354.5,353,,,49.42,48.49,292,F
330.5,343,264,263,459,459,389,388,162,161,53.61,52.06,271.5,M
296.5,303,225,228.5,420,422.5,340,339,154,155,48.27,48.83,267,F
297.5,304,224,232.5,444,443,359,359,158,161,50.82,49.9,277,F
322.5,331.5,239.5,241,439.5,443,365,362,159,165,52.6,51.35,293,M
322,328,242,245,454,459,376,369,,155,53.94,53.9,264.5,M
328,330,250.5,,461.5,457.5,382.5,380,152,153,52.53,51.67,268,M
,297,,218.5,408,409.5,325,326,,140,47.2,,252.5,F
332,335,255,253,454,454.5,373,378,167,168,54.08,54.29,,M
303,,225,227,441,435,341,,154,150,45.89,47.39,262,M
291.5,295,,233,431,429,368,368,,158,44.47,43.84,257,F
321,326,,260.5,472,470,,412,153,157,51.29,51.54,262.5,M
,312,253,256,470.5,472,395.5,399,156,160,48.66,48.34,272,M
307,306,236,238,445,440,367,366,160,159,51.23,51.1,280,M
357,,269,,486.5,,385,387,,,51.3,50.43,286,M
276,278,,214,415,411,334,,151,151,43.47,44.1,231,F
340,343,268,268,470.5,472,393.5,391,164,159,,52.18,270,M
320.5,325,251,254,457,457,388.5,391,159,158,51.9,51.75,273,M
288,293,248,245,436.5,435,363,362,146,146,50.9,50.09,256,M
307,313,237,239,443,441.5,365,366,150,,49.08,,,M
290.5,292.5,227,236,410,412,349,356,142,,45.97,,253,M
,330,,240,468,462,394,388,158,161,50.99,51.98,263,M
340,341,270,,487,487.5,,415,165,169,51.31,51.17,274,M
317.5,321,233,246,427,433.5,369.5,373,148,152,49.86,51.6,268.5,M
348,354.5,262,266,495,494.5,395,396,157,158,50.77,49.35,253,M
327,329,263,267,473,474.5,410,407,163,162,46.54,48.44,257.5,M
350,350.5,281,285,500,496,442.5,439,154,155,50.28,51.28,278,M
323,323,,,473,473,384,384.5,155,158,49.47,49.86,254,M
320,,249,,429,429.5,373,371,148,145,49.77,51.42,256,M
309,,240,239.5,435,432,366.5,360,132,132,46.57,45.6,234,F
314,316,243,247,453,448,380,377,152,153,50.49,51.17,257,M
323,323,256,254,478.5,481,398,397,155,154,51.26,51.21,277,M
313.5,323.5,239,242,447,438,373,372,149,149,48.08,48.75,267.5,M
309.5,313,225,228,431,425.5,354,354,140,143,45.51,46.73,243,F
,313,239,244,449,451,373,372,147,147,49.42,50.26,253,M
311,319,244,245,425,430,349,353,148,147,50.54,50.19,235,M
340,345,246,276,491.5,492,,432,151,153,51.43,51.83,249.5,M
313,314,254,257,440,,385,382,151,150,48.17,47.1,252,M
310,311,246,251,437.5,,379.5,349,151,151,45.13,45.75,257,M
330,328,260.5,269,460,459,382,380.5,157,158,51.67,50,254,M
320,329,259,260,447,448,395.5,398.5,147,148,49.21,48.49,259,M
294,298,239,241,429.5,427,377,378,157,,44.31,43.9,269,F
308,309,237,239,444,445,383.5,379,,140,45.47,,231,F
302,302,229,231,428,420,367,364,154,150,,48.09,248,F
309,308,,,428,427.5,355,,151,149,54.3,54.8,263,M
305,,240,,428.5,423,364.5,362.5,,137,48.33,49.64,221,M
346.5,354,257.5,260.5,476,475,417.5,416.5,151,150,48.81,48.57,,M
280,285.5,222.5,223.5,393,389.5,343.5,342,153,155,44.43,45.75,247,F
298.5,300.5,,240,409.5,414,357.5,361,143,144,50.04,50.06,256,M
,327,245,247,422,426,380,382,144,146,48.47,50.77,262,M
298,304.5,229,234,414,413.5,358,359,152,154,45.69,45.99,253,F
,,263,265,476,478,418,417,160,159,51.07,49.81,271,M
300,307,224,231,430.5,426,363,366,156,153,48.46,47.77,274,M
308.5,308,247,245,428,430,373,375,158,159,48.85,48.8,262,M
325,329,242,243,442,442,380.5,377,150,153,48.25,46.37,257,M
,333,262,263,450,446,381,,164,160,51.64,51.68,264.5,M
345.5,345,261,267.5,485,485,399,395,165,164,60.96,59.26,287.5,M
301,307,233,235,422,424,362,362,152,152,47.14,46.69,263,F
302,310,238,241.5,430,427,355.5,353,133,135,41.34,40.7,221,F
305,306,235.5,237,428,429,362,361.5,147,145,49.49,49.21,,M
280,289,215,221.5,408.5,403.5,343.5,343,148,148,43.19,43.47,,F
297,307,232,236,,,361,360,148,145,46.5,46.5,260,F
288,291,236,238,414,409,365,363,,,41.82,40.88,243,F
246,255,187,194,360,357,298,298,123,121,41.16,41.99,219,M
299,305,223,230,407,403,347,351,,135,41.6,42.58,228,F
298,302,229.5,231,401,397,339.5,338.5,143,142,50.18,49.23,249,M
310.5,309,250,250,445,442,367,368,158,,48.44,50.31,254.5,M
320,319,248,250,433,431,385.5,385,161,157,50.62,52.15,273,M
,,220,225.5,416,420,358.5,359,143,145,47.85,45.48,243,M
336,332,258,260.5,473,471.5,400.5,397,163,160,52.6,53.39,240,M
,338,,267,489,,417,417.5,150,150,48.32,47.9,248,M
270.5,274.5,199,199,378.5,378.5,300,301,,144,50.48,49.03,266,F
,282,,202,394.5,400,312.5,313,148,146,45.67,45.64,255.5,F
294,292,233,230.5,,401.5,336,335,147,,51.5,50.41,256.5,M
290,293,204.5,,409,409,331.5,322,149,146,49.31,48.23,249.5,F
281,280.5,199.5,200,375.5,379,298,296.5,144,143,44.68,44.85,264.5,F
278.5,286,193,193,400,403,301,304,145,146,47.13,46.21,262,F
277,,215.5,,387,389.5,315,313,,,43.73,,258,F
272,275,210,211,391,388,319,313,,136,43.41,44.04,239,F
300,306,227,227,413,415.5,320,320.5,161,158,52.19,52.79,280.5,M
290,292.5,212,210,379.5,374.5,306,305,,,48.9,49.43,261,M
327,331.5,252,250,473,478,372,370,165,,54.43,54.5,250,M
337,336,246,245,459.5,462,374,375,163,165,55.06,54.53,290,M
276,280,199.5,,397,400,301,304,145,144,48.02,47.69,264,F
279,281,,201,398.5,395,306,308,146,,46.75,45.22,263,F
314.5,,242,240,433,431,349,353,156,157,50.21,50.06,276,M
282.5,284,194,196.5,387,386.5,299,300,144,143,47.14,48.85,274,F
304,306,212.5,216,412,410,306,327.5,142,142,49.05,49.47,250.5,M
300,296,228,225,415,415,344,346,152,,50.12,51.58,278,M
294,298,211,,412,412,320,326,149,146,48.17,47.14,263.5,F
295,289,210,207.5,398.5,396,314,308,158,161,48.08,49.14,284,F
322,327.5,247.5,253,455,461,364,367.5,153,160,54.23,54.86,276,M
317.5,322.5,227.5,235,431,435,342.5,344.5,158,159,54.93,53.96,272.5,M
318,,,,457,450,380,380.5,,160,54.27,52.43,280,M
321.5,324,222,224.5,437,437,344.5,350,153,153,51.31,49.89,269,M
267.5,275,203.5,,379,382,296.5,295.5,147,,46.37,,,F
284,288,214,219.5,404,399,323,319,136,,46.37,,280,F
,324,,253,444,442,365,362.5,158,159,49.15,48.8,276,M
,,,229,394.5,396,316,317,145,,43.7,,255,F
274.5,282,205,206,382,377,313,315,,,44.4,46.88,267,F
315,321,231.5,236.5,424.5,425,344.5,344.5,150,149,48.96,50.87,249.5,M
,,237,238,440,442,353,349,148,151,49.79,50.23,279,M
258,265,192.5,197,369,364,301,297,,146,45.63,46.88,251,F
,261,,,,344,,271,147,,,,256,F
311.5,307,231.5,224.5,415,419,328.5,331.5,161,160,50.75,50.73,275.5,M
312,319,238,238.5,437,439,346,346,,164,,53.19,288,M
282,288,208,211.5,418,421,328,331,159,156,46.86,46.9,272,F
263,266,207,210,369,371,299.5,301,143,144,47.2,47.99,252,F
,278,,,,368,,293,154,150,42.72,42.51,243,F
296,296,218,220.5,403,,,,146,,47.69,,252,F
284,286,227,225.5,393.5,396,312.5,315,153,151,48.99,49,252,M
,289,,221,389.5,393,323.5,327,158,159,48.12,50.32,272,M
299,304,221,,414,414,332,332,151,159,48.38,47.28,265,M
285,289,224,225,404.5,402.5,333,333,148,149,49.75,48.91,242,M
,318,240,241.5,430,439,351.5,350,167,164,49.8,49.29,267,M
284.5,289,219,219.5,391,394,309,312,150,147,51.98,50.1,247,M
267,272,198,201,366,370,290,289.5,142,146,44.31,44.63,256.5,F
303.5,308,218,220,404.5,401,331,330,153,153,45.97,45.85,243,F
313,,,,447.5,449,370.5,371,165,163,52.98,52.55,272.5,M
317.5,315.5,239,241,448,445,365,364.5,155,149,50.86,50.56,253,M
250,254,187,,349,347,288.5,287.5,150,151,45.34,44.66,269,F
300,,,,375,375,302,302,147,144,48.81,47.7,259,M
278,274,,209.5,388,388,320,321,149,148,42.97,42.32,258,F
300,310,227.5,231,421,416,328,330.5,158,159,51.1,50.35,256,M
308,305,230,233.5,427.5,432,348,353.5,,160,52.66,53.86,250,M
286,292,,223,410,406,318,314,,,,,255,M
,,,,420.5,420,336,335,156,154,51.53,51.45,269,M
301,308,223,,414,413.5,331.5,332,159,160,50.38,49.99,275,M
,315,,250,433.5,436.5,353,351,170,172,53.65,53.19,280.5,M
308,349,254.5,254,460,454,368,370,173,172,55.37,55,279,M
280.5,286,227.5,230,397.5,397,329,326.5,147,145,49.65,48.09,250.5,M
268,273,211,209.5,378,375,312,309,156,155,47.05,47.2,266,F
287,288,208,211,399,390,320,321,,149,47.62,46.5,280,F
327,331,252.5,,448,,377.5,,,165,54.3,52.46,282,M
290.5,288,221.5,222,380,379,309.5,309,143,144,48.28,46.3,246.5,M
268,,216.5,,378.5,378.5,307,,157,158,50.45,49.94,270,M
282,290,219,221.5,385,387,313.5,312,145,143,45.72,45.25,267,F
336,339,251,251.5,447.5,449.5,352,357,165,,52.62,52.29,277,M
316,317,242,243,423.5,430,354,354,172,172,52.61,51.92,294,M
280.5,286,209,209,382,381,320,318.5,154,153,49.6,49.42,273,F
269,275,206,206,385,382,300,298.5,156,157,47.52,46.23,269,F
305,311,237,,436,,345,,,170,,50.38,286,M
,301,,,400,396,333,332,,,49.2,49.74,249,M
286,294,,219,386,382.5,309.5,311,150,147,48.7,47.65,264,F
299,310,233,233,428,427,332,328,150,155,51.76,53.43,280,M
281.5,,220.5,,390,395,301,302,148,147,51.08,52.2,249,M
285,294,224,223,400,399,314,316,,149,48.7,48.81,256,M
294,297,,220,402,,316,315,,,49.85,,254,M
340.5,341,273,272,494,494,433,444,158,156,51.39,51.28,251,M
319,,241,,437,435,369,369,147,149,44.96,44.31,235,F
,322,,269.5,467,467,397,389,155,153,50.8,51.93,267.5,M
293,292,233,233,419,416,346.5,345.5,148,146,50.23,50.61,254,M
310,307,238.5,243.5,445,442.5,374,373,127,129,50.42,47.21,225,F
315,306,253,256,439,441.5,369,369,141,144,45.74,45.77,244,F
294,300,,,423,417,334,328,148,146,48.83,49.52,235.5,M
316.5,316,233.5,241,439,432,370,372,,147,,49.6,266,M
314,314,253,255,443,444.5,365,366,143,145,50.33,54,250,M
303,306,241.5,244.5,430,418.5,351,349,141,142,45.98,46.71,258,M
293,291,237,233,418.5,,343.5,344,,149,,47.41,245,M
318,319,249.5,248,430.5,431,367,370,,,,,,M
320,,248,,,440,,384,,,,,,M
294,302.5,238.5,240,419,416,360,357,,,46.34,47.07,,M
311,309.5,247,247.5,421,,372,375.5,,,,,,M
287,,238,,410,407.5,345,,,,,,,M
307.5,308,233,236,423,421,350,353,147,,45.82,,256,F
272,274,219,218,391.5,397,329,326,,,42.95,45.1,,F
275,275.5,200,211,378,379,322,318.5,,144,,,242,F
245,247,202,203,352.5,,303,308,142,139,41.73,42.2,231.5,F
262,263,212.5,212.5,377,376,,323,,,,,,F
323.5,324.5,268,264.5,448,450,378,377,156,159,53.9,54.31,286,M
311.5,312,248,248,432,431.5,366.5,366,150,149,52.63,50.89,274,M
288,295,227,235,405,405.5,349.5,348,135,136,41.35,42.26,252,F
295,296.5,224,226,415,409,340,338,144,142,49.46,47.9,254,M
295,301,229,,406,403,332,326,,145,46.75,46.28,266,F
314,310,254,255.5,440,440,373,372,149,151,54.33,54.8,264.5,M
320.5,326,254,260.5,448,458,381,385,155,158,49.73,49.34,272.5,F
340,343.5,262.5,265,471.5,463.5,398,400,162,161,52.3,53,304,M
309.5,320,220,226,448,449,366.5,364,150,152,48.65,47.95,279,F
325,332,244,247,461.5,458,389,390,153,153,52,51.65,274,M
341.5,333,259,257,468,467,387,381,,154,52.71,52.79,280,M
332,335,263,,478,475,390,391,156,160,52.5,51.5,287,M
296,289,227,227,399,400,353,351,150,151,43.68,44.33,264,F
344,347,269,269,481,484,410,409,,161,52.48,51.97,288,M
286.5,290,229,,380,386,345,346,,,43.56,43.38,255,M
298,306,221,224,439,435,361,367,163,161,50.4,51.5,256,F
312.5,320,233.5,239,427,425,350,349,144,146,48.48,46.1,265,M
329,330,255.5,254,459,459,375,373,158,161,54.25,54.85,268,M
,317.5,236,239,453,,357,360,151,150,50.15,50.7,267,M
290.5,289,221,225,415,412.5,335,335,143,144,46.6,46.75,261,F
284.5,288,217,215.5,399,398,,337,150,150,47.09,47.43,259,F
302,310,236.5,239,438,438,362,,162,159,49.41,48.51,258,F
316,320,238,243,421,,341,,,157,49.33,52.1,282,M
303,308,230.5,232,,417,336,330,143,146,43,44.99,244,F
331,328,272.5,,448,448,378,376,155,,53.55,53.09,283,M
,298,229,,404,393,336,336,142,141,47.58,46.72,263,F
327.5,333,254,259.5,474,469,383.5,377,149,147,49.47,49.27,260,M
319,320.5,245,244.5,439,444,361,356,145,143,49.74,50.34,241,M
316,318,248,,453,452,,379,,,,,258,F
305.5,307,234,235,429,433.5,361.5,361,151,149,48.57,47.82,273,F
323.5,327,,248,436,436,377,378,,147,48.95,50.02,275.5,M
336,333,257,257.5,453,452,378,380.5,,,53.58,52.66,280,M
338,343,,268,466,,380,381,158,154,51.07,50.2,269,M
274,279,224,229,390.5,389,333,338,139,135,42.44,42.39,258,F
309,309.5,253,252,451,449,371,370,154,154,50.59,48.92,267,M
307,313,246,250,435,431.5,369,366,153,153,48.15,48.21,262,M
324,321,252,,435,434,366,361.5,153,152,51.47,51.43,261.5,M
340,341,259,263,474,460,,,168,165,51.43,50.58,287,M
315.5,323,258,263,457,460,,,160,158,49.53,50.98,289,M
314,316,240,245,442,434,362,362,154,155,47.15,48.74,283,F
280.5,290,224.5,,399,393,330,,,143,45.28,43.42,256,F
337,339,256,255,455,453.5,365,363,161,158,51.68,51.03,280,M
300.5,305,236,238,417.5,420,355,,153,151,49.62,48.96,266,F
309.5,311.5,246,249,448,443.5,366,360,155,153,49.21,48.2,266,M
296.5,301.5,233.5,240,,,364,360,149,148,47.83,47.91,,F
288.5,295.5,,223.5,404.5,406,329,319,134,133,42.6,44.16,236,F
330.5,331,252,248,439.5,437,373,371.5,150,149,51.29,50.13,275,M
309,318,237,238,443,444,355.5,360,149,153,45.11,44.57,269,F
323,324,253,247.5,459.5,461,386,385,155,153,49.86,50.24,239,M
297,306.5,233,235,,444,358,355,137,,48.89,48.61,249,F
,330,250,255,464,445,383,383,,147,49.81,49.46,253,M
304,309,244,,430,427,367,370,147,149,46.98,47.2,253,F
318,314,262,259,447,452,381,385,154,,50.42,49.94,,M
319,323,246,247,453,450,369,369,153,153,50.13,48.31,272,F
292,291,233,234,405,413.5,338,339,134,134,44.07,43,237,F
303,307,238,243,432,433,361,360,154,154,50.42,48.75,259,F
308,314,235.5,243,426.5,429,361,361,153,152,47.62,48.13,265,F
310,315.5,244.5,246,435,431,361.5,360.5,153,157,49.56,48.31,256,F
315.5,320.5,256,260.5,458,456,392,288,156,158,49.93,50.2,278,M
304,296,228,232,422,423,355,356,153,,47.86,48.73,261,M
289.5,298,232.5,239,417,413,341,343,144,139,45.85,45.05,279,F
277.5,283,225,227,397,392,340,337,141,141,43.11,43.63,253,F
301,306.5,241.5,241,427,424,358,358.5,157,158,47.6,45.22,271.5,M
286,289,225,226,405,404,322,321.5,,,47.07,46.93,252,M
311,313.5,242,241,421,426,340,342,157,155,50.22,50.2,267.5,M
280,283,,,391.5,393,327,329,137,136,43.34,43.24,257.5,F
,278,217,218,,383,318,313.5,145,146,43.86,43.76,275,F
301,302,250.5,253,453,442,370,369,144,145,48.23,47.57,274.5,M
289,290,215,220,397.5,397,327.5,328,132,133,41.14,42.72,241.5,F
312,317,245,,447.5,446,365,368,154,151,49.3,50.71,267.5,M
314.5,315,235,240.5,419,428,350,351,143,,41.91,40.63,253.5,F
286,297,,230.5,419,415,348,349,138,139,45.35,46.4,254,F
294.5,299,223.5,224.5,407,406,328,328,131,132,44.09,44.13,255.5,F
303,307,230.5,234,413,416,347,348,144,148,46.54,45.68,253,M
280.5,280,206,208,394,393,316.5,312,,,42.66,43.37,264,F
278.5,280,218,217,386,383,329,329,138,136,43,43.94,264,F
291.5,295,224,226.5,402,401,352,349,139,138,42.71,42.6,268,F
,289,229,233,416,411,333,332,143,141,44.27,44.59,248.5,F
282.5,285.5,224,227,413.5,417,340,342.5,146,145,46.49,45.99,261,F
280,283,218,218,390.5,390,330,332,133,132,42.51,42.55,256.5,F
298,299.5,227,227,417,419,352.5,353,,,45.17,45.81,268,M
273,278,209,215,381,379,314,,131,133,41.11,41.87,228.5,F
290,301,,221,403,403,341.5,338,142,,45.39,43.84,262.5,F
281.5,,220,223.5,398,399,337,342,135,137,45.82,46.62,269,F
281.5,288,221.5,219,389,390.5,330,329,133,134,41.45,41,251,F
325,330.5,249,248,448,446.5,373,374,,148,49.42,49.49,269.5,M
303,311,223,232,422,423.5,345,349,143,141,46.84,46.25,278,F
295.5,301,232,237,421.5,416,355,359,,142,46.15,46.78,251,M
306,,241.5,,414.5,413,362,362,145,143,46.62,45.47,275,M
329,,252,251.5,457,455.5,395,400,,145,47.3,48.57,273.5,M
298.5,300,,227,,416,342,344,150,151,43.33,46.13,271,F
304,309,229,229,428,428,366,367,141,140,44.65,45.44,247,F
317,324,,254,439,436,366,370,146,143,46.33,46.87,254,M
309.5,,240.5,237,431,422,360,355,156,155,50.44,51.19,278,M
306,303.5,235,232.5,414.5,406.5,344,345,146,,46.85,47.97,257,M
295,297,233,236,410.5,405,352,359,142,144,47.08,44.64,250.5,M
319,320,246.5,244.5,445,443.5,372,374,,,50.67,52.02,265,M
320,320,257,259,465,459,382,373,,146,48.49,48.64,277.5,M
299,302,,244,430,434,368,367,154,154,49.92,49.08,276,M
298,303,,224,,413,344,346,144,146,41.3,41.9,267,F
278,284.5,212,217,408,403.5,337.5,338.5,147,145,43.86,43.57,260,F
297,302,231.5,233,439,437,367.5,370,161,159,44.19,46.04,283,F
289,295,,218.5,421,423,338,339,143,143,43.9,43.85,257,F
301.5,305,235,240.5,436.5,436,367,,146,147,45.1,46,263.5,F
,329.5,,,469.5,465.5,390,388,152,150,49.74,48.94,263,M
297,300.5,,,429,432,355.5,357,,,42.66,41.91,260,F
271,277,218,216,,387,327,325.5,143,141,42.08,43.24,235,F
305,307,240,238.5,435,434,363,366.5,156,154,49.83,47.76,284,F
333.5,,260,262.5,458.5,,380,,160,159,51.74,51.73,292.5,M
317.5,325,245,249.5,457.5,,383,383,161,158,50.71,50.41,272,M
319,321,250,253,450,452,380,381,,149,52.47,53.23,277,M
291,296,234,235,423,419,362,358,146,,43.25,,262,F
273,282.5,,209,378,378.5,318,319,133,135,41.66,41.83,258,F
278,,216,219,398,392,330,327.5,143,140,44.9,44.92,271.5,F
261.5,265,201,203,384,380.5,317,318,129,134,38.64,38.64,245,F
,271.5,,214,386.5,385.5,325,323,138,135,41.49,40.98,249,F
280.5,,,,393,387,318,324,,,42.53,41.78,241,F
301,304.5,223,225,421,417.5,358,361,141,145,47.74,46.59,271.5,M
278,286,214,,395,390.5,336,,134,136,43.98,43.26,256,F
270,274.5,204.5,207,375.5,377,319,317.5,129,131,41.77,41.69,243,F
286,291.5,224,215,410,405.5,328,330,131,133,41.79,41.06,251.5,F
312.5,311.5,242.5,245,431.5,428,370,375,,148,48.85,49.03,267,M
286,,218,,389.5,389,323,324,143,143,42.65,43.15,265,M
286,288,224.5,,390,385,318,318,141,139,,,248,M
290,291.5,218,219,409.5,405,326,321,,,41.4,43,232,F
287.5,291,218,219,394,397,314.5,318.5,133,131,45.96,45.2,248,M
296,299.5,230,232,403,408,354,350,,,42.4,41.92,258,F
262,268,206,208,368,369,302.5,299,,133,43.69,44.04,229,F
283.5,286,219,221,399,400,319,325,134,134,43.66,42.65,232,M
318,321,238,,447.5,444,365,369,146,145,48.14,49.84,248,M
282.5,286,209,210.5,394.5,396,317,322,134,136,41.56,41.65,246,F
291,,226,,422,,344,,,,,46.95,240,M
302,308.5,227,230,404.5,405,,349,130,130,41.5,42.96,217,F
257.5,263,195,199,362,362,305,305,131,130,42.19,40.47,236,M
289,295,,,402,401,336,333.5,134,135,48.06,47.66,229,M
305,305,233,241,419,407,352,339,129,133,44.4,44.27,224.5,M
313,319,262,266,445,441,383,386,147,143,50.09,46.25,249,M
326,331,255,260,475.5,471,400.5,409,,146,47.02,46.17,238,M
318,320.5,247.5,251,427.5,420,380,375,122,125,43.84,43.8,226,M
312,314.5,248,244.5,452,454,391,395,161,160,50.24,48.34,272,M
285.5,292,233,237,407,408,339,338,151,149,46.83,47.34,273,F
328,343,273,273,458.5,452.5,403,406,155,,52.88,,287,M
288,292,228,230,410.5,407,341,340,156,155,49.02,48.97,254,F
317,324.5,251,251,431,435,372,368,163,164,47.78,46.39,276,M
,322,,261.5,464,,388,393,163,159,52.32,52.34,264,M
277,287,222,222,404,403,337,332.5,142,145,44.43,46.74,257,F
311,316,246,248.5,426.5,429,366,367,,168,50.48,50.14,274,M
314,320,268.5,268,459,456,399,400,,,51.64,51.28,285,M
275,281,220,220.5,393,390.5,325,324.5,150,,47.48,48.1,265,F
305,308.5,235,238,428,427,367,366.5,156,157,51.26,49.65,258,F
315.5,320.5,248,246,465,464,380,386,152,154,51.96,52.26,284,M
295,298,235,234,416.5,406,355,356,145,144,45.55,45.27,261,F
315,323,254,253,428,426,378,384,169,171,50.97,50.51,275,M
307,314,243,249,454.5,447,399,392,,,51.95,49.29,271,M
287,290,230,233,404.5,401,346,340.5,147,,46.37,47.24,230,F
307,317,243.5,246.5,435,443,368,372.5,155,,50.98,52.61,262,M
318,325,253,,463,466,382,385,,,53.04,52.88,284,M
,299.5,,235.5,415,414,358,362,,153,48.34,48.14,265,F
,,,,401.5,400.5,352.5,350,150,151,46.27,45.48,267.5,F
293,294,,228,409,407,340.5,337,156,154,48.7,47.98,270,F
280,289,218,225.5,394,396,330,342,148,140,48.55,47.29,278,F
316,319.5,248,250.5,441,436,368,373,157,160,53.88,54.26,285,M
319,321,254,251,432,435.5,363,360.5,,,,50.83,277,M
278,282.5,217,222,401,399,329,325,143,141,48.8,49.9,261,F
,314,247,251,426.5,426,365.5,366,,,48.57,48.25,282,F
,309,244.5,247.5,430.5,428.5,364,362,155,154,48.51,49.42,269,M
304,,237,,428,432,370,365.5,,160,49.07,49.87,263,F
,313,238,246.5,444,442,376,380.5,163,161,50.27,50.05,274,M
318,324.5,246,252,,447,374,372,,159,47.78,44,289,F
320,,262,264,,453.5,380.5,384,159,,50.94,,282,M
,336,,259.5,,458,391,394,,165,55.22,46.3,301,M
335,341,,266,454,454,397,399,161,158,50.1,50.51,271,M
278,281,223.5,222.5,396,399,343,346,144,,,,241,F
309,313.5,252,249,435,436,374,372,166,162,48.55,45.8,277,F
307.5,312,244,246,433.5,430.5,363,,156,158,52,53.14,281,M
,305,,235,419,416.5,354,357,153,156,48.64,49.13,254,F
327.5,335,252,256,454,457,373,378,,158,49.09,48.03,269,M
316,324,255,258,456.5,452,385,380,169,168,52.58,55.23,295.5,M
,,,,423.5,427,348,355,158,157,49.93,51.88,278,F
305.5,316.5,249.5,254,453,446.5,384,384,162,160,50.37,50.2,278.5,M
308,316,237.5,252,437,431,,362,147,144,47.9,47.51,252,F
335,341,266,262,468,465.5,395,396.5,,157,54.5,53.96,271,M
314,327,254,256,466,461,385,385,168,,53.63,53.62,298,M
287,297,223,227,415.5,409,331,328,,140,,47.06,245,F
,234,252,,442,438.5,371,370.5,,,49.29,46.71,280.5,M
334,,261,264,467,460,392,394,166,164,50.22,49.26,270,M
290,292,223,228.5,413,,341,342,149,152,47.35,47.77,268,F
,,,270,452.5,448,392,,,,,51.31,284,M
291,298,225,228,428,430,338,338,151,,49.3,,253,F
339,339,262,262,471.5,471,395,399,,,52.61,52.17,272.5,M
311,,253,257,452,449.5,369,370,,154,49.32,51.53,279,M
304,309,245.5,247,,427,364,366,149,151,47.88,47.96,256,M
310,320,253,258,442.5,,375.5,376,168,,54.89,,270,M
315,320.5,252,258,443,441,379,381,166,163,51.6,52.04,285.5,M
303,312,233,236,419,420.5,354,358,151,146,45.25,46.28,251.5,F
333,339,265.5,268,465,463,382.5,384,161,161,53.89,53.14,279,M
316,321,,247,428,432,,,,160,50.83,52.48,269,M
,293,226,226,392,393,340,338,141,140,46.78,45.74,252,F
309.5,317,247,249,438,435,372,374,,153,50.71,50.35,267,M
308,314,237,236,441.5,439,361,363,159,158,52.31,53.33,291,M
306.5,310,253,255,450,443,368,,,,,,,M
312,,247.5,,459,457,367,362,,,55.78,54.71,276,M
313,318,232,236,438,446,353,356,147,149,46.79,47.23,264,F
357.5,363,265,271,499,499,412,413.5,160,,53.84,56.56,283,M
360,368,265,272,520,519,441,,,,56.17,57.83,296,M
321,324,,248,460,461,377,378,,,54.6,56.66,274,M
353.5,358,268,271.5,512.5,514,419,420,,,55.62,55.04,266,M
286,292.5,212,213.5,,393.5,331,330,150,145,,45.33,240,F
325,,244,,472.5,471,,,,,49.35,50.18,277,F
291,295,227,230,418,406.5,350.5,349,,163,49.68,51.57,303,M
334,340,249,248,473,473,380.5,382,164,164,54.84,55.86,274,M
342.5,347,,260,,505,391,386,172,170,57.76,56.38,293,M
329,333,244,245,452,448,361,363,164,166,54.67,54.37,281,M
341.5,347,267,272,491,497,399,414,164,163,56.97,54.9,301,M
280,287,215.5,215,412,414.5,327,331,145,143,44.36,46.62,259,F
302,306,232,235,421,419,350,351,153,152,,49.74,266,F
358,360,256,261,479.5,480,380.5,382,166,172,51.8,52.53,283,M
305,,237,238,440,434.5,353,352,141,,50.72,50.29,235,M
287,291.5,,220,407,399,326,328,155,151,44.51,44.44,264,F
290,292,210,220,418,415,343,345,141,140,45.78,46.83,254.5,M
290,293,,212.5,396,395,327.5,326.5,141,,44.34,43.83,238,F
334,340,256,260,480,481.5,423,425,,,51.04,51.45,278,M
327,338,247.5,250,473,471.5,390,387,160,,53.19,53.69,260.5,M
,310,,234.5,432,424,355,,,,52.85,53.5,241.5,M
352,358,266,269,484,,415,,164,,,54.54,282,M
329,334,252,253,474,468,383,381,,,,52.43,256,M
352,362,270,268,509,501,429,428,,184,56.92,,310,M
340,348,260,265,502,502,397,404,165,167,58.09,57.66,,M
305.5,310,235,237.5,458,449,362,362.5,156,155,60.21,58.93,247,M
,319,233,236,444,443,363,362,,159,53.89,51.27,267,M
363,367,278,284,506,503,446,443,175,,58.04,58.35,315,M
302,,226,229,437.5,436,357.5,358,147,,46.62,45.69,268,M
344,351,265,265,493,492.5,401,399,167,,53.97,53.28,277,M
345,349,266.5,268,489.5,486,401,402,,168,52.22,53.46,283,M
338.5,339,259,263,471,468,400,396,162,163,54.61,53.48,262,M
337,343,253,,455,450.5,381,380,162,,56.59,55.87,283.5,M
343,344,255,254,472.5,467,389,384,,,53.73,53.75,268,M
319.5,323,246,247,475,466,378,377,162,165,49.67,50.88,270,M
325,324,,238,435,433,362,359,168,167,53.35,55.28,294.5,M
340,345.5,265,264.5,471,467,387,385,,155,52.84,53.3,266,M
310,315,,244,462,461,368,365,,166,,47.86,281,M
314,,222,226,429,422,353.5,351,160,161,46.85,47.48,288,M
346,352,,264,478,481.5,411,410,181,181,57.19,58.25,289,M
339,345,248,245,465,472,380.5,378.5,174,171,53.77,57.16,295,M
,363,,282,508,508.5,426,425,,171,57.44,57.94,306.5,M
336,348,266,263,479,477,405,408,,169,58.25,57.54,269.5,M
339,345,260,261,474,473,391,388,167,169,55.42,55.88,293,M
330,337,234,237,461,467.5,376,382,155,158,54.24,55.68,243,M
293,,215,,393,396,306,306,141,,43.44,,237,F
296,305.5,,,410.5,412,328,329,,,43.68,43.6,294,F
,299,220,226,392,393,,320,,145,46.58,48.98,268,F
319,329,239.5,245.5,456,,371.5,373,,,52.3,52.45,298,F
300,309,237,236,424,415,354,358,,146,45.67,46.7,260,F
304.5,309,233,230,446,450,368,365,166,,49.65,50.01,297,F
310.5,315,232,239,437.5,440,365,359,,155,47.56,48.31,263,F
324,332,243,247,455,461.5,374,378,,160,47.93,49.54,275,F
302,298,225,,,420,331,334,,166,45.88,46.77,268,F
296,297,225,228,419,417,339,341,165,163,49.62,51.23,282.5,F
309.5,313.5,234,239,445,446,360,360,,,49.86,50.67,243,F
293,298,226,227,420,417,350,352,,,47.5,49.35,269,F
332,333,241.5,244.5,,457,379.5,381,,,,,253,F
304,309,216,218,431,429,350,348,164,164,46.2,46.27,257,F
,,,,412,409,344,343,153,,45.64,48.84,273.5,F
313,316,241.5,242.5,443,446,364.5,366,,,50.85,49.1,272,F
,291,216,219,410,410,328,337,154,155,48.17,49.77,274.5,F
307,314,232.5,236.5,439,438,,,166,165,51.08,51.33,276.5,M
277,287,204,206,,402,,317,148,148,45.38,46.75,264,F
317,322,242,248,454,466,371,376,,,55.95,54.32,,M
304,317,236,239,432,,368,,156,,53.62,54.34,286.5,M
,320,,226,427,436,342,344,,,52.31,50.91,274,M
334.5,,258,261,470,470,,395,164,165,51.66,51.93,270.5,M
325.5,332,244,248,438.5,440,377,385,155,157,,52.14,266,M
336,342,257,261,484,473.5,396,399,,,,57.98,293.5,M
339.5,350,270,270,479,475,403,403,160,159,52.75,52.72,263,M
308.5,312.5,237,,433,441,,363,168,166,51.75,,290,M
319,323.5,242,243,448,450,,374,166,164,48.9,50.09,293,M
346,355,249,255,,478,,,178,,55,,292,M
310,315,,251,452,457,373,363,,,,56.4,235,M
328,338,247,246,438.5,439,352,354,,,,,,M
328,,250,,474,476.5,401.5,395,,,55.24,56.24,266,M
296,291,220,221,415.5,414.5,330.5,330,153,158,48.92,48.24,280,F
309,313.5,240,,441,,385,386,160,164,47.38,46.2,278,M
,322,,248,462,461,373.5,373,,,54.56,54.46,279,M
,350,,268,513,502.5,414,415,,176,57.36,,309,M
273,272.5,206,,388,383,315,313,,,46.31,45.82,258,F
291.5,292.5,,225,412.5,410.5,350,345,155,151,47.15,47.98,247,M
,306,225,226,432,435,368,364.5,146,,49.83,48.66,270,M
314,322,224,,450,,357,360.5,150,155,49.07,49.48,273,M
363.5,368,269,271,508,503.5,436,432,153,154,53.94,51.53,266,M
,336,242,243,446,448,382,384,160,155,55.38,54.26,267,M
301.5,309,236,240,428,424.5,350.5,346,156,154,47.91,47.17,265,M
,337,,249,488,485,383,382,159,164,56.88,56.91,278,M
332,335,257,255,485.5,484,387,389,165,162,60.85,59.58,259,M
328,332,253,254.5,479,476,404,403,156,,54.18,52.66,277,M
334,345,,244,455,456,345,347,,,52.45,52.71,269.5,M
318,326,235,238,444,440,362,364,,154,50.74,53.05,283,M
275,280,216,219,390,388,329.5,328,138,139,41.42,41.32,250,F
282,287,212,217,414.5,413,328,330.5,161,,49.52,49.16,274,M
312,,252,,434,443,375,373,158,155,53.92,,282,M
296,306,217,220.5,418,419,333,332,147,,51.43,50.87,237,M
322,326.5,238,238,471.5,473,,,,,54.6,53.75,288,M
302,305.5,209,221,428,426,352,353,,,47.77,48.49,262.5,F
338,343.5,,,490,484,384,383,168,170,57.92,57.91,286,M
336,340,251.5,248,463,459,384,385,167,,52.79,53.7,278,M
310,326,235,248,430,432,,350,148,,49.91,49.92,273,M
293.5,302,219,221,430,426.5,344.5,343,,,51.06,,272,F
366,373,275,,527,529,427,430,,189,62.94,62.99,324,M
332.5,345,242,252,498,492,404,405.5,164,,52.23,50.59,276,M
,310,,268,,440,,375,,,,,,M
317.5,322,232,,455.5,455,372,371,152,156,50.04,49.81,262,M
325,332.5,248.5,249,462.5,461.5,380.5,379.5,156,161,49.32,50.31,270,F
327.5,326.5,256,260,460.5,455,387,385,141,138,45.56,45.78,,M
306,309.5,234.5,,420,411,344,348.5,150,150,48.49,47.66,257.5,M
326.5,331,257,253,451.5,450,371,373.5,,,49.11,49.06,260.5,M
332,336,253,250,461,455,375.5,376.5,148,150,48.56,48.36,262,M
311,315,256,,434.5,433,374,371.5,,,46.95,47.65,258.5,M
302,306,232.5,234.5,429,436,357,361,152,147,,46.06,253,M
336.5,338.5,258.5,261,459,455,383,384.5,152,155,49.81,49.73,259,M
330.5,329.5,240,240,448,448.5,375.5,372,144,143,47.19,47.75,246.5,M
326,325,245.5,243,427,428,352.5,350.5,148,147,46.39,46.71,255,M
321.5,323,255.5,257.5,451,448,388.5,388,156,157,46.09,45.86,273.5,M
306,300,237.5,234.5,410,406,343,343,134,135,45.83,46.64,239,F
321.5,323,,255,474,466,376,370,155,158,48.97,48.91,283.5,M
292,291,233,232,409.5,404,340,338,148,147,46.26,46.22,243.5,M
326,332,,252,458.5,,393,,157,154,46.17,45.53,274.5,M
,322.5,238.5,241,424,420,357,356,148,149,49.58,48.39,266,M
301,308.5,238,239,407,401.5,339,337.5,139,137,43.8,42.7,251,M
309,313.5,233,235,430,429.5,370,371,140,139,44.75,44.81,256,M
302,301.5,253,250.5,429,428.5,372.5,372.5,,,46.71,47.72,259,M
312.5,319,240,244,439,438,360,367,149,,50.07,50,258,M
308,309,237,240,452,448.5,361,361.5,145,143,48.75,49.08,247,M
346,351,259.5,263,454.5,458,392.5,393,166,168,52.78,54.82,264,M
342.5,347,259.5,262,465,462.5,384,,145,143,47.75,47.66,261,M
302,301,243,242,408,405,349.5,355,149,148,45.83,47.22,241.5,M
346,349,271,270.5,472.5,475,399,401,164,163,51.34,52.08,281,M
300.5,306.5,226.5,231,416,414,348,347,143,141,43.42,43.37,252,M
354,351,,264,463.5,,387,,155,156,49.89,51.5,268,M
305.5,304,239,236,430.5,432,366,360,143,141,47.46,47.07,251,M
307.5,303,239.5,233.5,421,412.5,362.5,360.5,148,149,43.05,45.2,252,M
301,,238,,404,402,341,338,144,144,47.33,46.19,255,M
284.5,277,219,,389.5,384.5,,,141,,46.19,42.68,244.5,F
295.5,297.5,215,223,391,384,321,323,139,142,42.23,42.31,252.5,F
309,312.5,216.5,231,440,435,345.5,345.5,146,150,45.52,46.68,270,F
299,294.5,,227.5,408.5,,338.5,337,143,141,42.51,42.07,250,F
294.5,297,218,219,401,402,331,331.5,135,136,41.3,41.93,246,F
310,314,,239,434,433,363.5,365,158,160,49.57,45.79,273,F
302,294.5,220,224,404,403,336.5,340,131,131,40.02,39.38,238,F
281.5,284.5,212,213,380,385,332,332,138,141,42.46,40.84,249,F
290,290,206.5,,397,391.5,318,319,130,133,44.13,43.44,251.5,F
,296,225,229.5,411,412,349,347,133,132,44.45,43.18,233,F
284,290.5,207,209,403,399,317,318.5,132,136,41.67,40.89,234,F
294.5,294,209,215,388,385.5,317.5,315.5,126,128,40.08,39.94,238,F
307,302,227,224,411.5,410,340,344.5,,,39.87,40.4,249.5,F
311.5,,235,234.5,414.5,417,356,355,151,147,44.72,44.59,270,F
280,289.5,,219,390,385,327,324,131,138,43.28,45,258,F
324,,255.5,247,445.5,443.5,381,379,142,147,47.35,48.1,245,F
281,287,209,213.5,379.5,379,,321,134,134,41.85,42.47,250,F
288,292,226,230,393,391,330,328.5,138,138,41.22,41.69,255,F
277,276,213.5,215,384,382,316.5,315,139,137,40.83,39.82,251.5,F
292,299.5,,235.5,424,426,351,354.5,144,142,42.95,42.3,247,F
289,295.5,209,213.5,402.5,396,332,332,146,145,43.96,42.62,243.5,F
295,300,224,228.5,424,429,355,356,134,131,44.07,43.82,230,F
280,287,219.5,224,387.5,386.5,324.5,327.5,145,,41.97,40.26,245.5,F
307,315.5,235.5,240,436.5,431.5,368,,142,,46.43,44.05,276.5,F
297.5,301.5,206,207,422,419,336,337,141,141,43.71,42.3,253,F
277.5,278.5,206,211.5,393,390.5,314.5,316,136,134,44.45,44.13,235,F
296.5,300,219.5,222.5,404.5,,333,327.5,138,139,43.29,45.21,,F
301.5,303.5,,219,422,418,338,332.5,,,42.14,40.68,258,F
289,292,214.5,218.5,410,411.5,328,331,144,143,46.5,45.06,251,F
292,294,219,221,393.5,386,335,337,145,146,44.43,44.06,247.5,F
